[INFO] Scanning for projects...
[INFO] Downloading from central-https: https://repo.maven.apache.org/maven2/org/springframework/boot/spring-boot-starter-parent/2.1.3.RELEASE/spring-boot-starter-parent-2.1.3.RELEASE.pom
[INFO] Downloaded from central-https: https://repo.maven.apache.org/maven2/org/springframework/boot/spring-boot-starter-parent/2.1.3.RELEASE/spring-boot-starter-parent-2.1.3.RELEASE.pom (12 kB at 12 kB/s)
[INFO] Downloading from central-https: https://repo.maven.apache.org/maven2/org/springframework/boot/spring-boot-dependencies/2.1.3.RELEASE/spring-boot-dependencies-2.1.3.RELEASE.pom
[INFO] Downloaded from central-https: https://repo.maven.apache.org/maven2/org/springframework/boot/spring-boot-dependencies/2.1.3.RELEASE/spring-boot-dependencies-2.1.3.RELEASE.pom (143 kB at 663 kB/s)
[INFO] Downloading from central-https: https://repo.maven.apache.org/maven2/com/fasterxml/jackson/jackson-bom/2.9.8/jackson-bom-2.9.8.pom
[INFO] Downloaded from central-https: https://repo.maven.apache.org/maven2/com/fasterxml/jackson/jackson-bom/2.9.8/jackson-bom-2.9.8.pom (12 kB at 68 kB/s)
[INFO] Downloading from central-https: https://repo.maven.apache.org/maven2/com/fasterxml/jackson/jackson-parent/2.9.1.2/jackson-parent-2.9.1.2.pom
[INFO] Downloaded from central-https: https://repo.maven.apache.org/maven2/com/fasterxml/jackson/jackson-parent/2.9.1.2/jackson-parent-2.9.1.2.pom (7.9 kB at 43 kB/s)
[INFO] Downloading from central-https: https://repo.maven.apache.org/maven2/com/fasterxml/oss-parent/34/oss-parent-34.pom
[INFO] Downloaded from central-https: https://repo.maven.apache.org/maven2/com/fasterxml/oss-parent/34/oss-parent-34.pom (23 kB at 121 kB/s)
[INFO] Downloading from central-https: https://repo.maven.apache.org/maven2/io/netty/netty-bom/4.1.33.Final/netty-bom-4.1.33.Final.pom
[INFO] Downloaded from central-https: https://repo.maven.apache.org/maven2/io/netty/netty-bom/4.1.33.Final/netty-bom-4.1.33.Final.pom (7.9 kB at 43 kB/s)
[INFO] Downloading from central-https: https://repo.maven.apache.org/maven2/org/sonatype/oss/oss-parent/7/oss-parent-7.pom
[INFO] Downloaded from central-https: https://repo.maven.apache.org/maven2/org/sonatype/oss/oss-parent/7/oss-parent-7.pom (4.8 kB at 27 kB/s)
[INFO] Downloading from central-https: https://repo.maven.apache.org/maven2/io/projectreactor/reactor-bom/Californium-SR5/reactor-bom-Californium-SR5.pom
[INFO] Downloaded from central-https: https://repo.maven.apache.org/maven2/io/projectreactor/reactor-bom/Californium-SR5/reactor-bom-Californium-SR5.pom (4.0 kB at 22 kB/s)
[INFO] Downloading from central-https: https://repo.maven.apache.org/maven2/org/apache/logging/log4j/log4j-bom/2.17.0/log4j-bom-2.17.0.pom
[INFO] Downloaded from central-https: https://repo.maven.apache.org/maven2/org/apache/logging/log4j/log4j-bom/2.17.0/log4j-bom-2.17.0.pom (8.1 kB at 44 kB/s)
[INFO] Downloading from central-https: https://repo.maven.apache.org/maven2/org/apache/logging/logging-parent/3/logging-parent-3.pom
[INFO] Downloaded from central-https: https://repo.maven.apache.org/maven2/org/apache/logging/logging-parent/3/logging-parent-3.pom (3.1 kB at 17 kB/s)
[INFO] Downloading from central-https: https://repo.maven.apache.org/maven2/org/apache/apache/23/apache-23.pom
[INFO] Downloaded from central-https: https://repo.maven.apache.org/maven2/org/apache/apache/23/apache-23.pom (18 kB at 97 kB/s)
[INFO] Downloading from central-https: https://repo.maven.apache.org/maven2/org/eclipse/jetty/jetty-bom/9.4.14.v20181114/jetty-bom-9.4.14.v20181114.pom
[INFO] Downloaded from central-https: https://repo.maven.apache.org/maven2/org/eclipse/jetty/jetty-bom/9.4.14.v20181114/jetty-bom-9.4.14.v20181114.pom (18 kB at 94 kB/s)
[INFO] Downloading from central-https: https://repo.maven.apache.org/maven2/org/glassfish/jersey/jersey-bom/2.27/jersey-bom-2.27.pom
[INFO] Downloaded from central-https: https://repo.maven.apache.org/maven2/org/glassfish/jersey/jersey-bom/2.27/jersey-bom-2.27.pom (22 kB at 113 kB/s)
[INFO] Downloading from central-https: https://repo.maven.apache.org/maven2/net/java/jvnet-parent/4/jvnet-parent-4.pom
[INFO] Downloaded from central-https: https://repo.maven.apache.org/maven2/net/java/jvnet-parent/4/jvnet-parent-4.pom (7.8 kB at 43 kB/s)
[INFO] Downloading from central-https: https://repo.maven.apache.org/maven2/org/junit/junit-bom/5.3.2/junit-bom-5.3.2.pom
[INFO] Downloaded from central-https: https://repo.maven.apache.org/maven2/org/junit/junit-bom/5.3.2/junit-bom-5.3.2.pom (4.1 kB at 23 kB/s)
[INFO] Downloading from central-https: https://repo.maven.apache.org/maven2/org/springframework/spring-framework-bom/5.1.5.RELEASE/spring-framework-bom-5.1.5.RELEASE.pom
[INFO] Downloaded from central-https: https://repo.maven.apache.org/maven2/org/springframework/spring-framework-bom/5.1.5.RELEASE/spring-framework-bom-5.1.5.RELEASE.pom (5.3 kB at 29 kB/s)
[INFO] Downloading from central-https: https://repo.maven.apache.org/maven2/org/springframework/data/spring-data-releasetrain/Lovelace-SR5/spring-data-releasetrain-Lovelace-SR5.pom
[INFO] Downloaded from central-https: https://repo.maven.apache.org/maven2/org/springframework/data/spring-data-releasetrain/Lovelace-SR5/spring-data-releasetrain-Lovelace-SR5.pom (4.6 kB at 26 kB/s)
[INFO] Downloading from central-https: https://repo.maven.apache.org/maven2/org/springframework/data/build/spring-data-build/2.1.5.RELEASE/spring-data-build-2.1.5.RELEASE.pom
[INFO] Downloaded from central-https: https://repo.maven.apache.org/maven2/org/springframework/data/build/spring-data-build/2.1.5.RELEASE/spring-data-build-2.1.5.RELEASE.pom (6.6 kB at 36 kB/s)
[INFO] Downloading from central-https: https://repo.maven.apache.org/maven2/org/springframework/integration/spring-integration-bom/5.1.3.RELEASE/spring-integration-bom-5.1.3.RELEASE.pom
[INFO] Downloaded from central-https: https://repo.maven.apache.org/maven2/org/springframework/integration/spring-integration-bom/5.1.3.RELEASE/spring-integration-bom-5.1.3.RELEASE.pom (8.7 kB at 47 kB/s)
[INFO] Downloading from central-https: https://repo.maven.apache.org/maven2/org/springframework/security/spring-security-bom/5.1.4.RELEASE/spring-security-bom-5.1.4.RELEASE.pom
[INFO] Downloaded from central-https: https://repo.maven.apache.org/maven2/org/springframework/security/spring-security-bom/5.1.4.RELEASE/spring-security-bom-5.1.4.RELEASE.pom (5.0 kB at 27 kB/s)
[INFO] Downloading from central-https: https://repo.maven.apache.org/maven2/org/springframework/session/spring-session-bom/Bean-SR3/spring-session-bom-Bean-SR3.pom
[INFO] Downloaded from central-https: https://repo.maven.apache.org/maven2/org/springframework/session/spring-session-bom/Bean-SR3/spring-session-bom-Bean-SR3.pom (3.0 kB at 16 kB/s)
[INFO] Downloading from central-https: https://repo.maven.apache.org/maven2/org/apache/logging/log4j/log4j-bom/2.11.2/log4j-bom-2.11.2.pom
[INFO] Downloaded from central-https: https://repo.maven.apache.org/maven2/org/apache/logging/log4j/log4j-bom/2.11.2/log4j-bom-2.11.2.pom (6.5 kB at 36 kB/s)
[INFO] Downloading from central-https: https://repo.maven.apache.org/maven2/org/apache/logging/logging-parent/1/logging-parent-1.pom
[INFO] Downloaded from central-https: https://repo.maven.apache.org/maven2/org/apache/logging/logging-parent/1/logging-parent-1.pom (3.2 kB at 18 kB/s)
[INFO] Downloading from central-https: https://repo.maven.apache.org/maven2/org/apache/apache/18/apache-18.pom
[INFO] Downloaded from central-https: https://repo.maven.apache.org/maven2/org/apache/apache/18/apache-18.pom (16 kB at 84 kB/s)
[INFO] ------------------------------------------------------------------------
[INFO] Reactor Build Order:
[INFO] 
[INFO] jeecg-boot-parent                                                  [pom]
[INFO] jeecg-boot-base-common                                             [jar]
[INFO] teaching-open                                                      [jar]
[INFO] 
[INFO] -------------< org.jeecgframework.boot:jeecg-boot-parent >--------------
[INFO] Building jeecg-boot-parent 2.8.0                                   [1/3]
[INFO]   from pom.xml
[INFO] --------------------------------[ pom ]---------------------------------
[INFO] Downloading from central-https: https://repo.maven.apache.org/maven2/org/apache/maven/plugins/maven-clean-plugin/3.1.0/maven-clean-plugin-3.1.0.pom
[INFO] Downloaded from central-https: https://repo.maven.apache.org/maven2/org/apache/maven/plugins/maven-clean-plugin/3.1.0/maven-clean-plugin-3.1.0.pom (5.2 kB at 27 kB/s)
[INFO] Downloading from central-https: https://repo.maven.apache.org/maven2/org/apache/maven/plugins/maven-plugins/31/maven-plugins-31.pom
[INFO] Downloaded from central-https: https://repo.maven.apache.org/maven2/org/apache/maven/plugins/maven-plugins/31/maven-plugins-31.pom (10 kB at 56 kB/s)
[INFO] Downloading from central-https: https://repo.maven.apache.org/maven2/org/apache/maven/maven-parent/31/maven-parent-31.pom
[INFO] Downloaded from central-https: https://repo.maven.apache.org/maven2/org/apache/maven/maven-parent/31/maven-parent-31.pom (43 kB at 212 kB/s)
[INFO] Downloading from central-https: https://repo.maven.apache.org/maven2/org/apache/apache/19/apache-19.pom
[INFO] Downloaded from central-https: https://repo.maven.apache.org/maven2/org/apache/apache/19/apache-19.pom (15 kB at 82 kB/s)
[INFO] Downloading from central-https: https://repo.maven.apache.org/maven2/org/apache/maven/plugins/maven-clean-plugin/3.1.0/maven-clean-plugin-3.1.0.jar
[INFO] Downloaded from central-https: https://repo.maven.apache.org/maven2/org/apache/maven/plugins/maven-clean-plugin/3.1.0/maven-clean-plugin-3.1.0.jar (30 kB at 106 kB/s)
[INFO] 
[INFO] --- clean:3.1.0:clean (default-clean) @ jeecg-boot-parent ---
[INFO] Downloading from central-https: https://repo.maven.apache.org/maven2/org/apache/maven/maven-plugin-api/3.0/maven-plugin-api-3.0.pom
[INFO] Downloaded from central-https: https://repo.maven.apache.org/maven2/org/apache/maven/maven-plugin-api/3.0/maven-plugin-api-3.0.pom (2.3 kB at 13 kB/s)
[INFO] Downloading from central-https: https://repo.maven.apache.org/maven2/org/apache/maven/maven/3.0/maven-3.0.pom
[INFO] Downloaded from central-https: https://repo.maven.apache.org/maven2/org/apache/maven/maven/3.0/maven-3.0.pom (22 kB at 117 kB/s)
[INFO] Downloading from central-https: https://repo.maven.apache.org/maven2/org/apache/maven/maven-parent/15/maven-parent-15.pom
[INFO] Downloaded from central-https: https://repo.maven.apache.org/maven2/org/apache/maven/maven-parent/15/maven-parent-15.pom (24 kB at 128 kB/s)
[INFO] Downloading from central-https: https://repo.maven.apache.org/maven2/org/apache/apache/6/apache-6.pom
[INFO] Downloaded from central-https: https://repo.maven.apache.org/maven2/org/apache/apache/6/apache-6.pom (13 kB at 67 kB/s)
[INFO] Downloading from central-https: https://repo.maven.apache.org/maven2/org/apache/maven/maven-model/3.0/maven-model-3.0.pom
[INFO] Downloaded from central-https: https://repo.maven.apache.org/maven2/org/apache/maven/maven-model/3.0/maven-model-3.0.pom (3.9 kB at 21 kB/s)
[INFO] Downloading from central-https: https://repo.maven.apache.org/maven2/org/codehaus/plexus/plexus-utils/2.0.4/plexus-utils-2.0.4.pom
[INFO] Downloaded from central-https: https://repo.maven.apache.org/maven2/org/codehaus/plexus/plexus-utils/2.0.4/plexus-utils-2.0.4.pom (3.3 kB at 18 kB/s)
[INFO] Downloading from central-https: https://repo.maven.apache.org/maven2/org/codehaus/plexus/plexus/2.0.6/plexus-2.0.6.pom
[INFO] Downloaded from central-https: https://repo.maven.apache.org/maven2/org/codehaus/plexus/plexus/2.0.6/plexus-2.0.6.pom (17 kB at 88 kB/s)
[INFO] Downloading from central-https: https://repo.maven.apache.org/maven2/org/apache/maven/maven-artifact/3.0/maven-artifact-3.0.pom
[INFO] Downloaded from central-https: https://repo.maven.apache.org/maven2/org/apache/maven/maven-artifact/3.0/maven-artifact-3.0.pom (1.9 kB at 10 kB/s)
[INFO] Downloading from central-https: https://repo.maven.apache.org/maven2/org/sonatype/sisu/sisu-inject-plexus/1.4.2/sisu-inject-plexus-1.4.2.pom
[INFO] Downloaded from central-https: https://repo.maven.apache.org/maven2/org/sonatype/sisu/sisu-inject-plexus/1.4.2/sisu-inject-plexus-1.4.2.pom (5.4 kB at 29 kB/s)
[INFO] Downloading from central-https: https://repo.maven.apache.org/maven2/org/sonatype/sisu/inject/guice-plexus/1.4.2/guice-plexus-1.4.2.pom
[INFO] Downloaded from central-https: https://repo.maven.apache.org/maven2/org/sonatype/sisu/inject/guice-plexus/1.4.2/guice-plexus-1.4.2.pom (3.1 kB at 17 kB/s)
[INFO] Downloading from central-https: https://repo.maven.apache.org/maven2/org/sonatype/sisu/inject/guice-bean/1.4.2/guice-bean-1.4.2.pom
[INFO] Downloaded from central-https: https://repo.maven.apache.org/maven2/org/sonatype/sisu/inject/guice-bean/1.4.2/guice-bean-1.4.2.pom (2.6 kB at 14 kB/s)
[INFO] Downloading from central-https: https://repo.maven.apache.org/maven2/org/sonatype/sisu/sisu-inject/1.4.2/sisu-inject-1.4.2.pom
[INFO] Downloaded from central-https: https://repo.maven.apache.org/maven2/org/sonatype/sisu/sisu-inject/1.4.2/sisu-inject-1.4.2.pom (1.2 kB at 6.9 kB/s)
[INFO] Downloading from central-https: https://repo.maven.apache.org/maven2/org/sonatype/sisu/sisu-parent/1.4.2/sisu-parent-1.4.2.pom
[INFO] Downloaded from central-https: https://repo.maven.apache.org/maven2/org/sonatype/sisu/sisu-parent/1.4.2/sisu-parent-1.4.2.pom (7.8 kB at 42 kB/s)
[INFO] Downloading from central-https: https://repo.maven.apache.org/maven2/org/sonatype/forge/forge-parent/6/forge-parent-6.pom
[INFO] Downloaded from central-https: https://repo.maven.apache.org/maven2/org/sonatype/forge/forge-parent/6/forge-parent-6.pom (11 kB at 59 kB/s)
[INFO] Downloading from central-https: https://repo.maven.apache.org/maven2/org/codehaus/plexus/plexus-component-annotations/1.7.1/plexus-component-annotations-1.7.1.pom
[INFO] Downloaded from central-https: https://repo.maven.apache.org/maven2/org/codehaus/plexus/plexus-component-annotations/1.7.1/plexus-component-annotations-1.7.1.pom (770 B at 4.3 kB/s)
[INFO] Downloading from central-https: https://repo.maven.apache.org/maven2/org/codehaus/plexus/plexus-containers/1.7.1/plexus-containers-1.7.1.pom
[INFO] Downloaded from central-https: https://repo.maven.apache.org/maven2/org/codehaus/plexus/plexus-containers/1.7.1/plexus-containers-1.7.1.pom (5.0 kB at 28 kB/s)
[INFO] Downloading from central-https: https://repo.maven.apache.org/maven2/org/codehaus/plexus/plexus/4.0/plexus-4.0.pom
[INFO] Downloaded from central-https: https://repo.maven.apache.org/maven2/org/codehaus/plexus/plexus/4.0/plexus-4.0.pom (22 kB at 116 kB/s)
[INFO] Downloading from central-https: https://repo.maven.apache.org/maven2/org/sonatype/forge/forge-parent/10/forge-parent-10.pom
[INFO] Downloaded from central-https: https://repo.maven.apache.org/maven2/org/sonatype/forge/forge-parent/10/forge-parent-10.pom (14 kB at 74 kB/s)
[INFO] Downloading from central-https: https://repo.maven.apache.org/maven2/org/codehaus/plexus/plexus-classworlds/2.2.3/plexus-classworlds-2.2.3.pom
[INFO] Downloaded from central-https: https://repo.maven.apache.org/maven2/org/codehaus/plexus/plexus-classworlds/2.2.3/plexus-classworlds-2.2.3.pom (4.0 kB at 22 kB/s)
[INFO] Downloading from central-https: https://repo.maven.apache.org/maven2/org/codehaus/plexus/plexus-utils/2.0.5/plexus-utils-2.0.5.pom
[INFO] Downloaded from central-https: https://repo.maven.apache.org/maven2/org/codehaus/plexus/plexus-utils/2.0.5/plexus-utils-2.0.5.pom (3.3 kB at 18 kB/s)
[INFO] Downloading from central-https: https://repo.maven.apache.org/maven2/org/sonatype/sisu/sisu-inject-bean/1.4.2/sisu-inject-bean-1.4.2.pom
[INFO] Downloaded from central-https: https://repo.maven.apache.org/maven2/org/sonatype/sisu/sisu-inject-bean/1.4.2/sisu-inject-bean-1.4.2.pom (5.5 kB at 30 kB/s)
[INFO] Downloading from central-https: https://repo.maven.apache.org/maven2/org/sonatype/sisu/sisu-guice/2.1.7/sisu-guice-2.1.7.pom
[INFO] Downloaded from central-https: https://repo.maven.apache.org/maven2/org/sonatype/sisu/sisu-guice/2.1.7/sisu-guice-2.1.7.pom (11 kB at 60 kB/s)
[INFO] Downloading from central-https: https://repo.maven.apache.org/maven2/org/apache/maven/shared/maven-shared-utils/3.2.1/maven-shared-utils-3.2.1.pom
[INFO] Downloaded from central-https: https://repo.maven.apache.org/maven2/org/apache/maven/shared/maven-shared-utils/3.2.1/maven-shared-utils-3.2.1.pom (5.6 kB at 31 kB/s)
[INFO] Downloading from central-https: https://repo.maven.apache.org/maven2/org/apache/maven/shared/maven-shared-components/30/maven-shared-components-30.pom
[INFO] Downloaded from central-https: https://repo.maven.apache.org/maven2/org/apache/maven/shared/maven-shared-components/30/maven-shared-components-30.pom (4.6 kB at 25 kB/s)
[INFO] Downloading from central-https: https://repo.maven.apache.org/maven2/org/apache/maven/maven-parent/30/maven-parent-30.pom
[INFO] Downloaded from central-https: https://repo.maven.apache.org/maven2/org/apache/maven/maven-parent/30/maven-parent-30.pom (41 kB at 212 kB/s)
[INFO] Downloading from central-https: https://repo.maven.apache.org/maven2/commons-io/commons-io/2.5/commons-io-2.5.pom
[INFO] Downloaded from central-https: https://repo.maven.apache.org/maven2/commons-io/commons-io/2.5/commons-io-2.5.pom (13 kB at 71 kB/s)
[INFO] Downloading from central-https: https://repo.maven.apache.org/maven2/org/apache/commons/commons-parent/39/commons-parent-39.pom
[INFO] Downloaded from central-https: https://repo.maven.apache.org/maven2/org/apache/commons/commons-parent/39/commons-parent-39.pom (62 kB at 284 kB/s)
[INFO] Downloading from central-https: https://repo.maven.apache.org/maven2/org/apache/apache/16/apache-16.pom
[INFO] Downloaded from central-https: https://repo.maven.apache.org/maven2/org/apache/apache/16/apache-16.pom (15 kB at 81 kB/s)
[INFO] Downloading from central-https: https://repo.maven.apache.org/maven2/org/apache/maven/maven-plugin-api/3.0/maven-plugin-api-3.0.jar
[INFO] Downloaded from central-https: https://repo.maven.apache.org/maven2/org/apache/maven/maven-plugin-api/3.0/maven-plugin-api-3.0.jar (49 kB at 152 kB/s)
[INFO] Downloading from central-https: https://repo.maven.apache.org/maven2/org/apache/maven/maven-model/3.0/maven-model-3.0.jar
[INFO] Downloading from central-https: https://repo.maven.apache.org/maven2/org/codehaus/plexus/plexus-utils/2.0.4/plexus-utils-2.0.4.jar
[INFO] Downloading from central-https: https://repo.maven.apache.org/maven2/org/apache/maven/maven-artifact/3.0/maven-artifact-3.0.jar
[INFO] Downloading from central-https: https://repo.maven.apache.org/maven2/org/sonatype/sisu/sisu-inject-plexus/1.4.2/sisu-inject-plexus-1.4.2.jar
[INFO] Downloading from central-https: https://repo.maven.apache.org/maven2/org/codehaus/plexus/plexus-component-annotations/1.7.1/plexus-component-annotations-1.7.1.jar
[INFO] Downloaded from central-https: https://repo.maven.apache.org/maven2/org/apache/maven/maven-model/3.0/maven-model-3.0.jar (165 kB at 329 kB/s)
[INFO] Downloading from central-https: https://repo.maven.apache.org/maven2/org/codehaus/plexus/plexus-classworlds/2.2.3/plexus-classworlds-2.2.3.jar
[INFO] Downloaded from central-https: https://repo.maven.apache.org/maven2/org/codehaus/plexus/plexus-classworlds/2.2.3/plexus-classworlds-2.2.3.jar (46 kB at 65 kB/s)
[INFO] Downloading from central-https: https://repo.maven.apache.org/maven2/org/sonatype/sisu/sisu-inject-bean/1.4.2/sisu-inject-bean-1.4.2.jar
[INFO] Downloaded from central-https: https://repo.maven.apache.org/maven2/org/codehaus/plexus/plexus-component-annotations/1.7.1/plexus-component-annotations-1.7.1.jar (4.3 kB at 5.7 kB/s)
[INFO] Downloading from central-https: https://repo.maven.apache.org/maven2/org/sonatype/sisu/sisu-guice/2.1.7/sisu-guice-2.1.7-noaop.jar
[INFO] Downloaded from central-https: https://repo.maven.apache.org/maven2/org/apache/maven/maven-artifact/3.0/maven-artifact-3.0.jar (52 kB at 51 kB/s)
[INFO] Downloading from central-https: https://repo.maven.apache.org/maven2/org/apache/maven/shared/maven-shared-utils/3.2.1/maven-shared-utils-3.2.1.jar
[INFO] Downloaded from central-https: https://repo.maven.apache.org/maven2/org/sonatype/sisu/sisu-inject-plexus/1.4.2/sisu-inject-plexus-1.4.2.jar (202 kB at 162 kB/s)
[INFO] Downloading from central-https: https://repo.maven.apache.org/maven2/commons-io/commons-io/2.5/commons-io-2.5.jar
[INFO] Downloaded from central-https: https://repo.maven.apache.org/maven2/org/codehaus/plexus/plexus-utils/2.0.4/plexus-utils-2.0.4.jar (222 kB at 178 kB/s)
[INFO] Downloaded from central-https: https://repo.maven.apache.org/maven2/org/sonatype/sisu/sisu-inject-bean/1.4.2/sisu-inject-bean-1.4.2.jar (153 kB at 118 kB/s)
[INFO] Downloaded from central-https: https://repo.maven.apache.org/maven2/commons-io/commons-io/2.5/commons-io-2.5.jar (209 kB at 139 kB/s)
[INFO] Downloaded from central-https: https://repo.maven.apache.org/maven2/org/apache/maven/shared/maven-shared-utils/3.2.1/maven-shared-utils-3.2.1.jar (167 kB at 110 kB/s)
[INFO] Downloaded from central-https: https://repo.maven.apache.org/maven2/org/sonatype/sisu/sisu-guice/2.1.7/sisu-guice-2.1.7-noaop.jar (472 kB at 287 kB/s)
[INFO] 
[INFO] -----------< org.jeecgframework.boot:jeecg-boot-base-common >-----------
[INFO] Building jeecg-boot-base-common 2.8.0                              [2/3]
[INFO]   from jeecg-boot-base-common/pom.xml
[INFO] --------------------------------[ jar ]---------------------------------
[INFO] Downloading from central-https: https://repo.maven.apache.org/maven2/org/apache/maven/plugins/maven-resources-plugin/3.1.0/maven-resources-plugin-3.1.0.pom
[INFO] Downloaded from central-https: https://repo.maven.apache.org/maven2/org/apache/maven/plugins/maven-resources-plugin/3.1.0/maven-resources-plugin-3.1.0.pom (7.2 kB at 38 kB/s)
[INFO] Downloading from central-https: https://repo.maven.apache.org/maven2/org/apache/maven/plugins/maven-resources-plugin/3.1.0/maven-resources-plugin-3.1.0.jar
[INFO] Downloaded from central-https: https://repo.maven.apache.org/maven2/org/apache/maven/plugins/maven-resources-plugin/3.1.0/maven-resources-plugin-3.1.0.jar (32 kB at 167 kB/s)
[INFO] Downloading from central-https: https://repo.maven.apache.org/maven2/org/apache/maven/plugins/maven-compiler-plugin/3.8.0/maven-compiler-plugin-3.8.0.pom
[INFO] Downloaded from central-https: https://repo.maven.apache.org/maven2/org/apache/maven/plugins/maven-compiler-plugin/3.8.0/maven-compiler-plugin-3.8.0.pom (12 kB at 68 kB/s)
[INFO] Downloading from central-https: https://repo.maven.apache.org/maven2/org/apache/maven/plugins/maven-plugins/32/maven-plugins-32.pom
[INFO] Downloaded from central-https: https://repo.maven.apache.org/maven2/org/apache/maven/plugins/maven-plugins/32/maven-plugins-32.pom (11 kB at 59 kB/s)
[INFO] Downloading from central-https: https://repo.maven.apache.org/maven2/org/apache/maven/maven-parent/32/maven-parent-32.pom
[INFO] Downloaded from central-https: https://repo.maven.apache.org/maven2/org/apache/maven/maven-parent/32/maven-parent-32.pom (43 kB at 234 kB/s)
[INFO] Downloading from central-https: https://repo.maven.apache.org/maven2/org/apache/apache/20/apache-20.pom
[INFO] Downloaded from central-https: https://repo.maven.apache.org/maven2/org/apache/apache/20/apache-20.pom (16 kB at 85 kB/s)
[INFO] Downloading from central-https: https://repo.maven.apache.org/maven2/org/apache/maven/plugins/maven-compiler-plugin/3.8.0/maven-compiler-plugin-3.8.0.jar
[INFO] Downloaded from central-https: https://repo.maven.apache.org/maven2/org/apache/maven/plugins/maven-compiler-plugin/3.8.0/maven-compiler-plugin-3.8.0.jar (62 kB at 324 kB/s)
[INFO] Downloading from central-https: https://repo.maven.apache.org/maven2/org/apache/maven/plugins/maven-surefire-plugin/2.22.1/maven-surefire-plugin-2.22.1.pom
[INFO] Downloaded from central-https: https://repo.maven.apache.org/maven2/org/apache/maven/plugins/maven-surefire-plugin/2.22.1/maven-surefire-plugin-2.22.1.pom (5.0 kB at 27 kB/s)
[INFO] Downloading from central-https: https://repo.maven.apache.org/maven2/org/apache/maven/surefire/surefire/2.22.1/surefire-2.22.1.pom
[INFO] Downloaded from central-https: https://repo.maven.apache.org/maven2/org/apache/maven/surefire/surefire/2.22.1/surefire-2.22.1.pom (26 kB at 140 kB/s)
[INFO] Downloading from central-https: https://repo.maven.apache.org/maven2/org/apache/maven/maven-parent/33/maven-parent-33.pom
[INFO] Downloaded from central-https: https://repo.maven.apache.org/maven2/org/apache/maven/maven-parent/33/maven-parent-33.pom (44 kB at 236 kB/s)
[INFO] Downloading from central-https: https://repo.maven.apache.org/maven2/org/apache/apache/21/apache-21.pom
[INFO] Downloaded from central-https: https://repo.maven.apache.org/maven2/org/apache/apache/21/apache-21.pom (17 kB at 91 kB/s)
[INFO] Downloading from central-https: https://repo.maven.apache.org/maven2/org/apache/maven/plugins/maven-surefire-plugin/2.22.1/maven-surefire-plugin-2.22.1.jar
[INFO] Downloaded from central-https: https://repo.maven.apache.org/maven2/org/apache/maven/plugins/maven-surefire-plugin/2.22.1/maven-surefire-plugin-2.22.1.jar (41 kB at 214 kB/s)
[INFO] Downloading from central-https: https://repo.maven.apache.org/maven2/org/apache/maven/plugins/maven-jar-plugin/3.1.1/maven-jar-plugin-3.1.1.pom
[INFO] Downloaded from central-https: https://repo.maven.apache.org/maven2/org/apache/maven/plugins/maven-jar-plugin/3.1.1/maven-jar-plugin-3.1.1.pom (6.7 kB at 36 kB/s)
[INFO] Downloading from central-https: https://repo.maven.apache.org/maven2/org/apache/maven/plugins/maven-plugins/33/maven-plugins-33.pom
[INFO] Downloaded from central-https: https://repo.maven.apache.org/maven2/org/apache/maven/plugins/maven-plugins/33/maven-plugins-33.pom (11 kB at 59 kB/s)
[INFO] Downloading from central-https: https://repo.maven.apache.org/maven2/org/apache/maven/plugins/maven-jar-plugin/3.1.1/maven-jar-plugin-3.1.1.jar
[INFO] Downloaded from central-https: https://repo.maven.apache.org/maven2/org/apache/maven/plugins/maven-jar-plugin/3.1.1/maven-jar-plugin-3.1.1.jar (27 kB at 149 kB/s)
[INFO] Downloading from central-https: https://repo.maven.apache.org/maven2/org/springframework/boot/spring-boot-starter-web/2.1.3.RELEASE/spring-boot-starter-web-2.1.3.RELEASE.pom
[INFO] Downloaded from central-https: https://repo.maven.apache.org/maven2/org/springframework/boot/spring-boot-starter-web/2.1.3.RELEASE/spring-boot-starter-web-2.1.3.RELEASE.pom (3.2 kB at 18 kB/s)
[INFO] Downloading from central-https: https://repo.maven.apache.org/maven2/org/springframework/boot/spring-boot-starters/2.1.3.RELEASE/spring-boot-starters-2.1.3.RELEASE.pom
[INFO] Downloaded from central-https: https://repo.maven.apache.org/maven2/org/springframework/boot/spring-boot-starters/2.1.3.RELEASE/spring-boot-starters-2.1.3.RELEASE.pom (1.8 kB at 10 kB/s)
[INFO] Downloading from central-https: https://repo.maven.apache.org/maven2/org/springframework/boot/spring-boot-parent/2.1.3.RELEASE/spring-boot-parent-2.1.3.RELEASE.pom
[INFO] Downloaded from central-https: https://repo.maven.apache.org/maven2/org/springframework/boot/spring-boot-parent/2.1.3.RELEASE/spring-boot-parent-2.1.3.RELEASE.pom (1.8 kB at 9.5 kB/s)
[INFO] Downloading from central-https: https://repo.maven.apache.org/maven2/org/springframework/boot/spring-boot-starter/2.1.3.RELEASE/spring-boot-starter-2.1.3.RELEASE.pom
[INFO] Downloaded from central-https: https://repo.maven.apache.org/maven2/org/springframework/boot/spring-boot-starter/2.1.3.RELEASE/spring-boot-starter-2.1.3.RELEASE.pom (3.1 kB at 17 kB/s)
[INFO] Downloading from central-https: https://repo.maven.apache.org/maven2/org/springframework/boot/spring-boot/2.1.3.RELEASE/spring-boot-2.1.3.RELEASE.pom
[INFO] Downloaded from central-https: https://repo.maven.apache.org/maven2/org/springframework/boot/spring-boot/2.1.3.RELEASE/spring-boot-2.1.3.RELEASE.pom (14 kB at 77 kB/s)
[INFO] Downloading from central-https: https://repo.maven.apache.org/maven2/org/springframework/spring-core/5.1.5.RELEASE/spring-core-5.1.5.RELEASE.pom
[INFO] Downloaded from central-https: https://repo.maven.apache.org/maven2/org/springframework/spring-core/5.1.5.RELEASE/spring-core-5.1.5.RELEASE.pom (3.6 kB at 20 kB/s)
[INFO] Downloading from central-https: https://repo.maven.apache.org/maven2/org/springframework/spring-jcl/5.1.5.RELEASE/spring-jcl-5.1.5.RELEASE.pom
[INFO] Downloaded from central-https: https://repo.maven.apache.org/maven2/org/springframework/spring-jcl/5.1.5.RELEASE/spring-jcl-5.1.5.RELEASE.pom (1.9 kB at 10 kB/s)
[INFO] Downloading from central-https: https://repo.maven.apache.org/maven2/org/springframework/spring-context/5.1.5.RELEASE/spring-context-5.1.5.RELEASE.pom
[INFO] Downloaded from central-https: https://repo.maven.apache.org/maven2/org/springframework/spring-context/5.1.5.RELEASE/spring-context-5.1.5.RELEASE.pom (5.7 kB at 31 kB/s)
[INFO] Downloading from central-https: https://repo.maven.apache.org/maven2/org/springframework/spring-aop/5.1.5.RELEASE/spring-aop-5.1.5.RELEASE.pom
[INFO] Downloaded from central-https: https://repo.maven.apache.org/maven2/org/springframework/spring-aop/5.1.5.RELEASE/spring-aop-5.1.5.RELEASE.pom (2.5 kB at 13 kB/s)
[INFO] Downloading from central-https: https://repo.maven.apache.org/maven2/org/springframework/spring-beans/5.1.5.RELEASE/spring-beans-5.1.5.RELEASE.pom
[INFO] Downloaded from central-https: https://repo.maven.apache.org/maven2/org/springframework/spring-beans/5.1.5.RELEASE/spring-beans-5.1.5.RELEASE.pom (2.7 kB at 15 kB/s)
[INFO] Downloading from central-https: https://repo.maven.apache.org/maven2/org/springframework/spring-expression/5.1.5.RELEASE/spring-expression-5.1.5.RELEASE.pom
[INFO] Downloaded from central-https: https://repo.maven.apache.org/maven2/org/springframework/spring-expression/5.1.5.RELEASE/spring-expression-5.1.5.RELEASE.pom (1.7 kB at 9.5 kB/s)
[INFO] Downloading from central-https: https://repo.maven.apache.org/maven2/org/springframework/boot/spring-boot-autoconfigure/2.1.3.RELEASE/spring-boot-autoconfigure-2.1.3.RELEASE.pom
[INFO] Downloaded from central-https: https://repo.maven.apache.org/maven2/org/springframework/boot/spring-boot-autoconfigure/2.1.3.RELEASE/spring-boot-autoconfigure-2.1.3.RELEASE.pom (34 kB at 184 kB/s)
[INFO] Downloading from central-https: https://repo.maven.apache.org/maven2/org/springframework/boot/spring-boot-starter-logging/2.1.3.RELEASE/spring-boot-starter-logging-2.1.3.RELEASE.pom
[INFO] Downloaded from central-https: https://repo.maven.apache.org/maven2/org/springframework/boot/spring-boot-starter-logging/2.1.3.RELEASE/spring-boot-starter-logging-2.1.3.RELEASE.pom (2.5 kB at 13 kB/s)
[INFO] Downloading from central-https: https://repo.maven.apache.org/maven2/ch/qos/logback/logback-classic/1.2.9/logback-classic-1.2.9.pom
[INFO] Downloaded from central-https: https://repo.maven.apache.org/maven2/ch/qos/logback/logback-classic/1.2.9/logback-classic-1.2.9.pom (9.7 kB at 53 kB/s)
[INFO] Downloading from central-https: https://repo.maven.apache.org/maven2/ch/qos/logback/logback-parent/1.2.9/logback-parent-1.2.9.pom
[INFO] Downloaded from central-https: https://repo.maven.apache.org/maven2/ch/qos/logback/logback-parent/1.2.9/logback-parent-1.2.9.pom (18 kB at 100 kB/s)
[INFO] Downloading from central-https: https://repo.maven.apache.org/maven2/ch/qos/logback/logback-core/1.2.9/logback-core-1.2.9.pom
[INFO] Downloaded from central-https: https://repo.maven.apache.org/maven2/ch/qos/logback/logback-core/1.2.9/logback-core-1.2.9.pom (4.2 kB at 23 kB/s)
[INFO] Downloading from central-https: https://repo.maven.apache.org/maven2/org/slf4j/slf4j-api/1.7.25/slf4j-api-1.7.25.pom
[INFO] Downloaded from central-https: https://repo.maven.apache.org/maven2/org/slf4j/slf4j-api/1.7.25/slf4j-api-1.7.25.pom (3.8 kB at 21 kB/s)
[INFO] Downloading from central-https: https://repo.maven.apache.org/maven2/org/slf4j/slf4j-parent/1.7.25/slf4j-parent-1.7.25.pom
[INFO] Downloaded from central-https: https://repo.maven.apache.org/maven2/org/slf4j/slf4j-parent/1.7.25/slf4j-parent-1.7.25.pom (14 kB at 76 kB/s)
[INFO] Downloading from central-https: https://repo.maven.apache.org/maven2/org/apache/logging/log4j/log4j-to-slf4j/2.17.0/log4j-to-slf4j-2.17.0.pom
[INFO] Downloaded from central-https: https://repo.maven.apache.org/maven2/org/apache/logging/log4j/log4j-to-slf4j/2.17.0/log4j-to-slf4j-2.17.0.pom (7.0 kB at 38 kB/s)
[INFO] Downloading from central-https: https://repo.maven.apache.org/maven2/org/apache/logging/log4j/log4j/2.17.0/log4j-2.17.0.pom
[INFO] Downloaded from central-https: https://repo.maven.apache.org/maven2/org/apache/logging/log4j/log4j/2.17.0/log4j-2.17.0.pom (69 kB at 377 kB/s)
[INFO] Downloading from central-https: https://repo.maven.apache.org/maven2/org/apache/logging/log4j/log4j-api/2.17.0/log4j-api-2.17.0.pom
[INFO] Downloaded from central-https: https://repo.maven.apache.org/maven2/org/apache/logging/log4j/log4j-api/2.17.0/log4j-api-2.17.0.pom (14 kB at 77 kB/s)
[INFO] Downloading from central-https: https://repo.maven.apache.org/maven2/org/slf4j/jul-to-slf4j/1.7.25/jul-to-slf4j-1.7.25.pom
[INFO] Downloaded from central-https: https://repo.maven.apache.org/maven2/org/slf4j/jul-to-slf4j/1.7.25/jul-to-slf4j-1.7.25.pom (986 B at 5.4 kB/s)
[INFO] Downloading from central-https: https://repo.maven.apache.org/maven2/javax/annotation/javax.annotation-api/1.3.2/javax.annotation-api-1.3.2.pom
[INFO] Downloaded from central-https: https://repo.maven.apache.org/maven2/javax/annotation/javax.annotation-api/1.3.2/javax.annotation-api-1.3.2.pom (14 kB at 71 kB/s)
[INFO] Downloading from central-https: https://repo.maven.apache.org/maven2/net/java/jvnet-parent/3/jvnet-parent-3.pom
[INFO] Downloaded from central-https: https://repo.maven.apache.org/maven2/net/java/jvnet-parent/3/jvnet-parent-3.pom (4.8 kB at 27 kB/s)
[INFO] Downloading from central-https: https://repo.maven.apache.org/maven2/org/yaml/snakeyaml/1.23/snakeyaml-1.23.pom
[INFO] Downloaded from central-https: https://repo.maven.apache.org/maven2/org/yaml/snakeyaml/1.23/snakeyaml-1.23.pom (38 kB at 208 kB/s)
[INFO] Downloading from central-https: https://repo.maven.apache.org/maven2/org/springframework/boot/spring-boot-starter-json/2.1.3.RELEASE/spring-boot-starter-json-2.1.3.RELEASE.pom
[INFO] Downloaded from central-https: https://repo.maven.apache.org/maven2/org/springframework/boot/spring-boot-starter-json/2.1.3.RELEASE/spring-boot-starter-json-2.1.3.RELEASE.pom (3.1 kB at 17 kB/s)
[INFO] Downloading from central-https: https://repo.maven.apache.org/maven2/org/springframework/spring-web/5.1.5.RELEASE/spring-web-5.1.5.RELEASE.pom
[INFO] Downloaded from central-https: https://repo.maven.apache.org/maven2/org/springframework/spring-web/5.1.5.RELEASE/spring-web-5.1.5.RELEASE.pom (12 kB at 65 kB/s)
[INFO] Downloading from central-https: https://repo.maven.apache.org/maven2/com/fasterxml/jackson/core/jackson-databind/2.9.8/jackson-databind-2.9.8.pom
[INFO] Downloaded from central-https: https://repo.maven.apache.org/maven2/com/fasterxml/jackson/core/jackson-databind/2.9.8/jackson-databind-2.9.8.pom (6.3 kB at 34 kB/s)
[INFO] Downloading from central-https: https://repo.maven.apache.org/maven2/com/fasterxml/jackson/jackson-base/2.9.8/jackson-base-2.9.8.pom
[INFO] Downloaded from central-https: https://repo.maven.apache.org/maven2/com/fasterxml/jackson/jackson-base/2.9.8/jackson-base-2.9.8.pom (5.5 kB at 30 kB/s)
[INFO] Downloading from central-https: https://repo.maven.apache.org/maven2/com/fasterxml/jackson/core/jackson-annotations/2.9.0/jackson-annotations-2.9.0.pom
[INFO] Downloaded from central-https: https://repo.maven.apache.org/maven2/com/fasterxml/jackson/core/jackson-annotations/2.9.0/jackson-annotations-2.9.0.pom (1.9 kB at 10 kB/s)
[INFO] Downloading from central-https: https://repo.maven.apache.org/maven2/com/fasterxml/jackson/jackson-parent/2.9.0/jackson-parent-2.9.0.pom
[INFO] Downloaded from central-https: https://repo.maven.apache.org/maven2/com/fasterxml/jackson/jackson-parent/2.9.0/jackson-parent-2.9.0.pom (7.8 kB at 43 kB/s)
[INFO] Downloading from central-https: https://repo.maven.apache.org/maven2/com/fasterxml/oss-parent/28/oss-parent-28.pom
[INFO] Downloaded from central-https: https://repo.maven.apache.org/maven2/com/fasterxml/oss-parent/28/oss-parent-28.pom (20 kB at 111 kB/s)
[INFO] Downloading from central-https: https://repo.maven.apache.org/maven2/com/fasterxml/jackson/core/jackson-core/2.9.8/jackson-core-2.9.8.pom
[INFO] Downloaded from central-https: https://repo.maven.apache.org/maven2/com/fasterxml/jackson/core/jackson-core/2.9.8/jackson-core-2.9.8.pom (4.1 kB at 22 kB/s)
[INFO] Downloading from central-https: https://repo.maven.apache.org/maven2/com/fasterxml/jackson/datatype/jackson-datatype-jdk8/2.9.8/jackson-datatype-jdk8-2.9.8.pom
[INFO] Downloaded from central-https: https://repo.maven.apache.org/maven2/com/fasterxml/jackson/datatype/jackson-datatype-jdk8/2.9.8/jackson-datatype-jdk8-2.9.8.pom (1.9 kB at 10 kB/s)
[INFO] Downloading from central-https: https://repo.maven.apache.org/maven2/com/fasterxml/jackson/module/jackson-modules-java8/2.9.8/jackson-modules-java8-2.9.8.pom
[INFO] Downloaded from central-https: https://repo.maven.apache.org/maven2/com/fasterxml/jackson/module/jackson-modules-java8/2.9.8/jackson-modules-java8-2.9.8.pom (2.8 kB at 15 kB/s)
[INFO] Downloading from central-https: https://repo.maven.apache.org/maven2/com/fasterxml/jackson/datatype/jackson-datatype-jsr310/2.9.8/jackson-datatype-jsr310-2.9.8.pom
[INFO] Downloaded from central-https: https://repo.maven.apache.org/maven2/com/fasterxml/jackson/datatype/jackson-datatype-jsr310/2.9.8/jackson-datatype-jsr310-2.9.8.pom (4.3 kB at 23 kB/s)
[INFO] Downloading from central-https: https://repo.maven.apache.org/maven2/com/fasterxml/jackson/module/jackson-module-parameter-names/2.9.8/jackson-module-parameter-names-2.9.8.pom
[INFO] Downloaded from central-https: https://repo.maven.apache.org/maven2/com/fasterxml/jackson/module/jackson-module-parameter-names/2.9.8/jackson-module-parameter-names-2.9.8.pom (3.7 kB at 19 kB/s)
[INFO] Downloading from central-https: https://repo.maven.apache.org/maven2/org/springframework/boot/spring-boot-starter-tomcat/2.1.3.RELEASE/spring-boot-starter-tomcat-2.1.3.RELEASE.pom
[INFO] Downloaded from central-https: https://repo.maven.apache.org/maven2/org/springframework/boot/spring-boot-starter-tomcat/2.1.3.RELEASE/spring-boot-starter-tomcat-2.1.3.RELEASE.pom (3.0 kB at 16 kB/s)
[INFO] Downloading from central-https: https://repo.maven.apache.org/maven2/org/apache/tomcat/embed/tomcat-embed-core/9.0.122/tomcat-embed-core-9.0.122.pom
[INFO] Downloaded from central-https: https://repo.maven.apache.org/maven2/org/apache/tomcat/embed/tomcat-embed-core/9.0.122/tomcat-embed-core-9.0.122.pom (1.7 kB at 9.5 kB/s)
[INFO] Downloading from central-https: https://repo.maven.apache.org/maven2/org/apache/tomcat/embed/tomcat-embed-el/9.0.122/tomcat-embed-el-9.0.122.pom
[INFO] Downloaded from central-https: https://repo.maven.apache.org/maven2/org/apache/tomcat/embed/tomcat-embed-el/9.0.122/tomcat-embed-el-9.0.122.pom (1.5 kB at 8.3 kB/s)
[INFO] Downloading from central-https: https://repo.maven.apache.org/maven2/org/apache/tomcat/embed/tomcat-embed-websocket/9.0.122/tomcat-embed-websocket-9.0.122.pom
[INFO] Downloaded from central-https: https://repo.maven.apache.org/maven2/org/apache/tomcat/embed/tomcat-embed-websocket/9.0.122/tomcat-embed-websocket-9.0.122.pom (1.7 kB at 9.6 kB/s)
[INFO] Downloading from central-https: https://repo.maven.apache.org/maven2/org/apache/tomcat/tomcat-annotations-api/9.0.122/tomcat-annotations-api-9.0.122.pom
[INFO] Downloaded from central-https: https://repo.maven.apache.org/maven2/org/apache/tomcat/tomcat-annotations-api/9.0.122/tomcat-annotations-api-9.0.122.pom (1.5 kB at 7.7 kB/s)
[INFO] Downloading from central-https: https://repo.maven.apache.org/maven2/org/hibernate/validator/hibernate-validator/6.0.14.Final/hibernate-validator-6.0.14.Final.pom
[INFO] Downloaded from central-https: https://repo.maven.apache.org/maven2/org/hibernate/validator/hibernate-validator/6.0.14.Final/hibernate-validator-6.0.14.Final.pom (15 kB at 75 kB/s)
[INFO] Downloading from central-https: https://repo.maven.apache.org/maven2/org/hibernate/validator/hibernate-validator-parent/6.0.14.Final/hibernate-validator-parent-6.0.14.Final.pom
[INFO] Downloaded from central-https: https://repo.maven.apache.org/maven2/org/hibernate/validator/hibernate-validator-parent/6.0.14.Final/hibernate-validator-parent-6.0.14.Final.pom (60 kB at 322 kB/s)
[INFO] Downloading from central-https: https://repo.maven.apache.org/maven2/org/jboss/arquillian/arquillian-bom/1.1.11.Final/arquillian-bom-1.1.11.Final.pom
[INFO] Downloaded from central-https: https://repo.maven.apache.org/maven2/org/jboss/arquillian/arquillian-bom/1.1.11.Final/arquillian-bom-1.1.11.Final.pom (11 kB at 56 kB/s)
[INFO] Downloading from central-https: https://repo.maven.apache.org/maven2/org/jboss/shrinkwrap/shrinkwrap-bom/1.2.3/shrinkwrap-bom-1.2.3.pom
[INFO] Downloaded from central-https: https://repo.maven.apache.org/maven2/org/jboss/shrinkwrap/shrinkwrap-bom/1.2.3/shrinkwrap-bom-1.2.3.pom (4.0 kB at 22 kB/s)
[INFO] Downloading from central-https: https://repo.maven.apache.org/maven2/org/jboss/shrinkwrap/resolver/shrinkwrap-resolver-bom/2.2.0/shrinkwrap-resolver-bom-2.2.0.pom
[INFO] Downloaded from central-https: https://repo.maven.apache.org/maven2/org/jboss/shrinkwrap/resolver/shrinkwrap-resolver-bom/2.2.0/shrinkwrap-resolver-bom-2.2.0.pom (5.3 kB at 29 kB/s)
[INFO] Downloading from central-https: https://repo.maven.apache.org/maven2/org/jboss/shrinkwrap/descriptors/shrinkwrap-descriptors-bom/2.0.0-alpha-8/shrinkwrap-descriptors-bom-2.0.0-alpha-8.pom
[INFO] Downloaded from central-https: https://repo.maven.apache.org/maven2/org/jboss/shrinkwrap/descriptors/shrinkwrap-descriptors-bom/2.0.0-alpha-8/shrinkwrap-descriptors-bom-2.0.0-alpha-8.pom (5.2 kB at 29 kB/s)
[INFO] Downloading from central-https: https://repo.maven.apache.org/maven2/javax/validation/validation-api/2.0.1.Final/validation-api-2.0.1.Final.pom
[INFO] Downloaded from central-https: https://repo.maven.apache.org/maven2/javax/validation/validation-api/2.0.1.Final/validation-api-2.0.1.Final.pom (12 kB at 61 kB/s)
[INFO] Downloading from central-https: https://repo.maven.apache.org/maven2/org/jboss/logging/jboss-logging/3.3.2.Final/jboss-logging-3.3.2.Final.pom
[INFO] Downloaded from central-https: https://repo.maven.apache.org/maven2/org/jboss/logging/jboss-logging/3.3.2.Final/jboss-logging-3.3.2.Final.pom (6.4 kB at 34 kB/s)
[INFO] Downloading from central-https: https://repo.maven.apache.org/maven2/org/jboss/jboss-parent/15/jboss-parent-15.pom
[INFO] Downloaded from central-https: https://repo.maven.apache.org/maven2/org/jboss/jboss-parent/15/jboss-parent-15.pom (32 kB at 163 kB/s)
[INFO] Downloading from central-https: https://repo.maven.apache.org/maven2/com/fasterxml/classmate/1.4.0/classmate-1.4.0.pom
[INFO] Downloaded from central-https: https://repo.maven.apache.org/maven2/com/fasterxml/classmate/1.4.0/classmate-1.4.0.pom (5.9 kB at 31 kB/s)
[INFO] Downloading from central-https: https://repo.maven.apache.org/maven2/com/fasterxml/oss-parent/24/oss-parent-24.pom
[INFO] Downloaded from central-https: https://repo.maven.apache.org/maven2/com/fasterxml/oss-parent/24/oss-parent-24.pom (19 kB at 108 kB/s)
[INFO] Downloading from central-https: https://repo.maven.apache.org/maven2/org/springframework/spring-webmvc/5.1.5.RELEASE/spring-webmvc-5.1.5.RELEASE.pom
[INFO] Downloaded from central-https: https://repo.maven.apache.org/maven2/org/springframework/spring-webmvc/5.1.5.RELEASE/spring-webmvc-5.1.5.RELEASE.pom (9.4 kB at 49 kB/s)
[INFO] Downloading from central-https: https://repo.maven.apache.org/maven2/org/springframework/boot/spring-boot-starter-mail/2.1.3.RELEASE/spring-boot-starter-mail-2.1.3.RELEASE.pom
[INFO] Downloaded from central-https: https://repo.maven.apache.org/maven2/org/springframework/boot/spring-boot-starter-mail/2.1.3.RELEASE/spring-boot-starter-mail-2.1.3.RELEASE.pom (2.5 kB at 14 kB/s)
[INFO] Downloading from central-https: https://repo.maven.apache.org/maven2/org/springframework/spring-context-support/5.1.5.RELEASE/spring-context-support-5.1.5.RELEASE.pom
[INFO] Downloaded from central-https: https://repo.maven.apache.org/maven2/org/springframework/spring-context-support/5.1.5.RELEASE/spring-context-support-5.1.5.RELEASE.pom (4.2 kB at 23 kB/s)
[INFO] Downloading from central-https: https://repo.maven.apache.org/maven2/com/sun/mail/javax.mail/1.6.2/javax.mail-1.6.2.pom
[INFO] Downloaded from central-https: https://repo.maven.apache.org/maven2/com/sun/mail/javax.mail/1.6.2/javax.mail-1.6.2.pom (7.0 kB at 38 kB/s)
[INFO] Downloading from central-https: https://repo.maven.apache.org/maven2/com/sun/mail/all/1.6.2/all-1.6.2.pom
[INFO] Downloaded from central-https: https://repo.maven.apache.org/maven2/com/sun/mail/all/1.6.2/all-1.6.2.pom (23 kB at 129 kB/s)
[INFO] Downloading from central-https: https://repo.maven.apache.org/maven2/net/java/jvnet-parent/1/jvnet-parent-1.pom
[INFO] Downloaded from central-https: https://repo.maven.apache.org/maven2/net/java/jvnet-parent/1/jvnet-parent-1.pom (4.7 kB at 26 kB/s)
[INFO] Downloading from central-https: https://repo.maven.apache.org/maven2/javax/activation/activation/1.1/activation-1.1.pom
[INFO] Downloaded from central-https: https://repo.maven.apache.org/maven2/javax/activation/activation/1.1/activation-1.1.pom (1.1 kB at 5.2 kB/s)
[INFO] Downloading from central-https: https://repo.maven.apache.org/maven2/org/springframework/boot/spring-boot-starter-test/2.1.3.RELEASE/spring-boot-starter-test-2.1.3.RELEASE.pom
[INFO] Downloaded from central-https: https://repo.maven.apache.org/maven2/org/springframework/boot/spring-boot-starter-test/2.1.3.RELEASE/spring-boot-starter-test-2.1.3.RELEASE.pom (4.4 kB at 23 kB/s)
[INFO] Downloading from central-https: https://repo.maven.apache.org/maven2/org/springframework/boot/spring-boot-test/2.1.3.RELEASE/spring-boot-test-2.1.3.RELEASE.pom
[INFO] Downloaded from central-https: https://repo.maven.apache.org/maven2/org/springframework/boot/spring-boot-test/2.1.3.RELEASE/spring-boot-test-2.1.3.RELEASE.pom (7.1 kB at 37 kB/s)
[INFO] Downloading from central-https: https://repo.maven.apache.org/maven2/org/springframework/boot/spring-boot-test-autoconfigure/2.1.3.RELEASE/spring-boot-test-autoconfigure-2.1.3.RELEASE.pom
[INFO] Downloaded from central-https: https://repo.maven.apache.org/maven2/org/springframework/boot/spring-boot-test-autoconfigure/2.1.3.RELEASE/spring-boot-test-autoconfigure-2.1.3.RELEASE.pom (9.9 kB at 52 kB/s)
[INFO] Downloading from central-https: https://repo.maven.apache.org/maven2/com/jayway/jsonpath/json-path/2.4.0/json-path-2.4.0.pom
[INFO] Downloaded from central-https: https://repo.maven.apache.org/maven2/com/jayway/jsonpath/json-path/2.4.0/json-path-2.4.0.pom (2.6 kB at 14 kB/s)
[INFO] Downloading from central-https: https://repo.maven.apache.org/maven2/net/minidev/json-smart/2.3/json-smart-2.3.pom
[INFO] Downloaded from central-https: https://repo.maven.apache.org/maven2/net/minidev/json-smart/2.3/json-smart-2.3.pom (9.0 kB at 49 kB/s)
[INFO] Downloading from central-https: https://repo.maven.apache.org/maven2/net/minidev/minidev-parent/2.3/minidev-parent-2.3.pom
[INFO] Downloaded from central-https: https://repo.maven.apache.org/maven2/net/minidev/minidev-parent/2.3/minidev-parent-2.3.pom (8.5 kB at 44 kB/s)
[INFO] Downloading from central-https: https://repo.maven.apache.org/maven2/net/minidev/accessors-smart/1.2/accessors-smart-1.2.pom
[INFO] Downloaded from central-https: https://repo.maven.apache.org/maven2/net/minidev/accessors-smart/1.2/accessors-smart-1.2.pom (12 kB at 62 kB/s)
[INFO] Downloading from central-https: https://repo.maven.apache.org/maven2/org/ow2/asm/asm/5.0.4/asm-5.0.4.pom
[INFO] Downloaded from central-https: https://repo.maven.apache.org/maven2/org/ow2/asm/asm/5.0.4/asm-5.0.4.pom (1.9 kB at 10 kB/s)
[INFO] Downloading from central-https: https://repo.maven.apache.org/maven2/org/ow2/asm/asm-parent/5.0.4/asm-parent-5.0.4.pom
[INFO] Downloaded from central-https: https://repo.maven.apache.org/maven2/org/ow2/asm/asm-parent/5.0.4/asm-parent-5.0.4.pom (5.5 kB at 30 kB/s)
[INFO] Downloading from central-https: https://repo.maven.apache.org/maven2/org/ow2/ow2/1.3/ow2-1.3.pom
[INFO] Downloaded from central-https: https://repo.maven.apache.org/maven2/org/ow2/ow2/1.3/ow2-1.3.pom (9.5 kB at 51 kB/s)
[INFO] Downloading from central-https: https://repo.maven.apache.org/maven2/junit/junit/4.12/junit-4.12.pom
[INFO] Downloaded from central-https: https://repo.maven.apache.org/maven2/junit/junit/4.12/junit-4.12.pom (24 kB at 130 kB/s)
[INFO] Downloading from central-https: https://repo.maven.apache.org/maven2/org/hamcrest/hamcrest-core/1.3/hamcrest-core-1.3.pom
[INFO] Downloaded from central-https: https://repo.maven.apache.org/maven2/org/hamcrest/hamcrest-core/1.3/hamcrest-core-1.3.pom (766 B at 3.9 kB/s)
[INFO] Downloading from central-https: https://repo.maven.apache.org/maven2/org/hamcrest/hamcrest-parent/1.3/hamcrest-parent-1.3.pom
[INFO] Downloaded from central-https: https://repo.maven.apache.org/maven2/org/hamcrest/hamcrest-parent/1.3/hamcrest-parent-1.3.pom (2.0 kB at 10 kB/s)
[INFO] Downloading from central-https: https://repo.maven.apache.org/maven2/org/assertj/assertj-core/3.11.1/assertj-core-3.11.1.pom
[INFO] Downloaded from central-https: https://repo.maven.apache.org/maven2/org/assertj/assertj-core/3.11.1/assertj-core-3.11.1.pom (14 kB at 71 kB/s)
[INFO] Downloading from central-https: https://repo.maven.apache.org/maven2/org/assertj/assertj-parent-pom/2.2.1/assertj-parent-pom-2.2.1.pom
[INFO] Downloaded from central-https: https://repo.maven.apache.org/maven2/org/assertj/assertj-parent-pom/2.2.1/assertj-parent-pom-2.2.1.pom (15 kB at 83 kB/s)
[INFO] Downloading from central-https: https://repo.maven.apache.org/maven2/org/junit/junit-bom/5.2.0/junit-bom-5.2.0.pom
[INFO] Downloaded from central-https: https://repo.maven.apache.org/maven2/org/junit/junit-bom/5.2.0/junit-bom-5.2.0.pom (4.2 kB at 22 kB/s)
[INFO] Downloading from central-https: https://repo.maven.apache.org/maven2/org/mockito/mockito-core/2.23.4/mockito-core-2.23.4.pom
[INFO] Downloaded from central-https: https://repo.maven.apache.org/maven2/org/mockito/mockito-core/2.23.4/mockito-core-2.23.4.pom (18 kB at 93 kB/s)
[INFO] Downloading from central-https: https://repo.maven.apache.org/maven2/net/bytebuddy/byte-buddy/1.9.10/byte-buddy-1.9.10.pom
[INFO] Downloaded from central-https: https://repo.maven.apache.org/maven2/net/bytebuddy/byte-buddy/1.9.10/byte-buddy-1.9.10.pom (10 kB at 55 kB/s)
[INFO] Downloading from central-https: https://repo.maven.apache.org/maven2/net/bytebuddy/byte-buddy-parent/1.9.10/byte-buddy-parent-1.9.10.pom
[INFO] Downloaded from central-https: https://repo.maven.apache.org/maven2/net/bytebuddy/byte-buddy-parent/1.9.10/byte-buddy-parent-1.9.10.pom (36 kB at 192 kB/s)
[INFO] Downloading from central-https: https://repo.maven.apache.org/maven2/net/bytebuddy/byte-buddy-agent/1.9.10/byte-buddy-agent-1.9.10.pom
[INFO] Downloaded from central-https: https://repo.maven.apache.org/maven2/net/bytebuddy/byte-buddy-agent/1.9.10/byte-buddy-agent-1.9.10.pom (6.0 kB at 32 kB/s)
[INFO] Downloading from central-https: https://repo.maven.apache.org/maven2/org/objenesis/objenesis/2.6/objenesis-2.6.pom
[INFO] Downloaded from central-https: https://repo.maven.apache.org/maven2/org/objenesis/objenesis/2.6/objenesis-2.6.pom (2.8 kB at 15 kB/s)
[INFO] Downloading from central-https: https://repo.maven.apache.org/maven2/org/objenesis/objenesis-parent/2.6/objenesis-parent-2.6.pom
[INFO] Downloaded from central-https: https://repo.maven.apache.org/maven2/org/objenesis/objenesis-parent/2.6/objenesis-parent-2.6.pom (17 kB at 87 kB/s)
[INFO] Downloading from central-https: https://repo.maven.apache.org/maven2/org/hamcrest/hamcrest-library/1.3/hamcrest-library-1.3.pom
[INFO] Downloaded from central-https: https://repo.maven.apache.org/maven2/org/hamcrest/hamcrest-library/1.3/hamcrest-library-1.3.pom (820 B at 4.4 kB/s)
[INFO] Downloading from central-https: https://repo.maven.apache.org/maven2/org/skyscreamer/jsonassert/1.5.0/jsonassert-1.5.0.pom
[INFO] Downloaded from central-https: https://repo.maven.apache.org/maven2/org/skyscreamer/jsonassert/1.5.0/jsonassert-1.5.0.pom (5.2 kB at 28 kB/s)
[INFO] Downloading from central-https: https://repo.maven.apache.org/maven2/com/vaadin/external/google/android-json/0.0.20131108.vaadin1/android-json-0.0.20131108.vaadin1.pom
[INFO] Downloaded from central-https: https://repo.maven.apache.org/maven2/com/vaadin/external/google/android-json/0.0.20131108.vaadin1/android-json-0.0.20131108.vaadin1.pom (2.8 kB at 15 kB/s)
[INFO] Downloading from central-https: https://repo.maven.apache.org/maven2/org/springframework/spring-test/5.1.5.RELEASE/spring-test-5.1.5.RELEASE.pom
[INFO] Downloaded from central-https: https://repo.maven.apache.org/maven2/org/springframework/spring-test/5.1.5.RELEASE/spring-test-5.1.5.RELEASE.pom (9.9 kB at 52 kB/s)
[INFO] Downloading from central-https: https://repo.maven.apache.org/maven2/org/xmlunit/xmlunit-core/2.6.2/xmlunit-core-2.6.2.pom
[INFO] Downloaded from central-https: https://repo.maven.apache.org/maven2/org/xmlunit/xmlunit-core/2.6.2/xmlunit-core-2.6.2.pom (2.7 kB at 14 kB/s)
[INFO] Downloading from central-https: https://repo.maven.apache.org/maven2/org/xmlunit/xmlunit-parent/2.6.2/xmlunit-parent-2.6.2.pom
[INFO] Downloaded from central-https: https://repo.maven.apache.org/maven2/org/xmlunit/xmlunit-parent/2.6.2/xmlunit-parent-2.6.2.pom (18 kB at 99 kB/s)
[INFO] Downloading from central-https: https://repo.maven.apache.org/maven2/org/springframework/boot/spring-boot-starter-aop/2.1.3.RELEASE/spring-boot-starter-aop-2.1.3.RELEASE.pom
[INFO] Downloaded from central-https: https://repo.maven.apache.org/maven2/org/springframework/boot/spring-boot-starter-aop/2.1.3.RELEASE/spring-boot-starter-aop-2.1.3.RELEASE.pom (2.5 kB at 14 kB/s)
[INFO] Downloading from central-https: https://repo.maven.apache.org/maven2/org/aspectj/aspectjweaver/1.9.2/aspectjweaver-1.9.2.pom
[INFO] Downloaded from central-https: https://repo.maven.apache.org/maven2/org/aspectj/aspectjweaver/1.9.2/aspectjweaver-1.9.2.pom (1.0 kB at 5.7 kB/s)
[INFO] Downloading from central-https: https://repo.maven.apache.org/maven2/org/springframework/boot/spring-boot-starter-actuator/2.1.3.RELEASE/spring-boot-starter-actuator-2.1.3.RELEASE.pom
[INFO] Downloaded from central-https: https://repo.maven.apache.org/maven2/org/springframework/boot/spring-boot-starter-actuator/2.1.3.RELEASE/spring-boot-starter-actuator-2.1.3.RELEASE.pom (2.6 kB at 14 kB/s)
[INFO] Downloading from central-https: https://repo.maven.apache.org/maven2/org/springframework/boot/spring-boot-actuator-autoconfigure/2.1.3.RELEASE/spring-boot-actuator-autoconfigure-2.1.3.RELEASE.pom
[INFO] Downloaded from central-https: https://repo.maven.apache.org/maven2/org/springframework/boot/spring-boot-actuator-autoconfigure/2.1.3.RELEASE/spring-boot-actuator-autoconfigure-2.1.3.RELEASE.pom (22 kB at 122 kB/s)
[INFO] Downloading from central-https: https://repo.maven.apache.org/maven2/org/springframework/boot/spring-boot-actuator/2.1.3.RELEASE/spring-boot-actuator-2.1.3.RELEASE.pom
[INFO] Downloaded from central-https: https://repo.maven.apache.org/maven2/org/springframework/boot/spring-boot-actuator/2.1.3.RELEASE/spring-boot-actuator-2.1.3.RELEASE.pom (14 kB at 77 kB/s)
[INFO] Downloading from central-https: https://repo.maven.apache.org/maven2/io/micrometer/micrometer-core/1.1.3/micrometer-core-1.1.3.pom
[INFO] Downloaded from central-https: https://repo.maven.apache.org/maven2/io/micrometer/micrometer-core/1.1.3/micrometer-core-1.1.3.pom (6.7 kB at 37 kB/s)
[INFO] Downloading from central-https: https://repo.maven.apache.org/maven2/org/hdrhistogram/HdrHistogram/2.1.9/HdrHistogram-2.1.9.pom
[INFO] Downloaded from central-https: https://repo.maven.apache.org/maven2/org/hdrhistogram/HdrHistogram/2.1.9/HdrHistogram-2.1.9.pom (9.7 kB at 52 kB/s)
[INFO] Downloading from central-https: https://repo.maven.apache.org/maven2/org/latencyutils/LatencyUtils/2.0.3/LatencyUtils-2.0.3.pom
[INFO] Downloaded from central-https: https://repo.maven.apache.org/maven2/org/latencyutils/LatencyUtils/2.0.3/LatencyUtils-2.0.3.pom (7.2 kB at 40 kB/s)
[INFO] Downloading from central-https: https://repo.maven.apache.org/maven2/commons-io/commons-io/2.6/commons-io-2.6.pom
[INFO] Downloaded from central-https: https://repo.maven.apache.org/maven2/commons-io/commons-io/2.6/commons-io-2.6.pom (14 kB at 79 kB/s)
[INFO] Downloading from central-https: https://repo.maven.apache.org/maven2/org/apache/commons/commons-parent/42/commons-parent-42.pom
[INFO] Downloaded from central-https: https://repo.maven.apache.org/maven2/org/apache/commons/commons-parent/42/commons-parent-42.pom (68 kB at 363 kB/s)
[INFO] Downloading from central-https: https://repo.maven.apache.org/maven2/commons-lang/commons-lang/2.6/commons-lang-2.6.pom
[INFO] Downloaded from central-https: https://repo.maven.apache.org/maven2/commons-lang/commons-lang/2.6/commons-lang-2.6.pom (17 kB at 95 kB/s)
[INFO] Downloading from central-https: https://repo.maven.apache.org/maven2/org/apache/commons/commons-parent/17/commons-parent-17.pom
[INFO] Downloaded from central-https: https://repo.maven.apache.org/maven2/org/apache/commons/commons-parent/17/commons-parent-17.pom (31 kB at 175 kB/s)
[INFO] Downloading from central-https: https://repo.maven.apache.org/maven2/org/apache/apache/7/apache-7.pom
[INFO] Downloaded from central-https: https://repo.maven.apache.org/maven2/org/apache/apache/7/apache-7.pom (14 kB at 82 kB/s)
[INFO] Downloading from central-https: https://repo.maven.apache.org/maven2/org/springframework/boot/spring-boot-starter-freemarker/2.1.3.RELEASE/spring-boot-starter-freemarker-2.1.3.RELEASE.pom
[INFO] Downloaded from central-https: https://repo.maven.apache.org/maven2/org/springframework/boot/spring-boot-starter-freemarker/2.1.3.RELEASE/spring-boot-starter-freemarker-2.1.3.RELEASE.pom (2.6 kB at 12 kB/s)
[INFO] Downloading from central-https: https://repo.maven.apache.org/maven2/org/freemarker/freemarker/2.3.28/freemarker-2.3.28.pom
[INFO] Downloaded from central-https: https://repo.maven.apache.org/maven2/org/freemarker/freemarker/2.3.28/freemarker-2.3.28.pom (3.4 kB at 19 kB/s)
[INFO] Downloading from central-https: https://repo.maven.apache.org/maven2/org/apache/apache/17/apache-17.pom
[INFO] Downloaded from central-https: https://repo.maven.apache.org/maven2/org/apache/apache/17/apache-17.pom (16 kB at 90 kB/s)
[INFO] Downloading from central-https: https://repo.maven.apache.org/maven2/org/projectlombok/lombok/1.18.6/lombok-1.18.6.pom
[INFO] Downloaded from central-https: https://repo.maven.apache.org/maven2/org/projectlombok/lombok/1.18.6/lombok-1.18.6.pom (1.5 kB at 8.0 kB/s)
[INFO] Downloading from central-https: https://repo.maven.apache.org/maven2/com/baomidou/mybatis-plus-boot-starter/3.1.2/mybatis-plus-boot-starter-3.1.2.pom
[INFO] Downloaded from central-https: https://repo.maven.apache.org/maven2/com/baomidou/mybatis-plus-boot-starter/3.1.2/mybatis-plus-boot-starter-3.1.2.pom (2.5 kB at 14 kB/s)
[INFO] Downloading from central-https: https://repo.maven.apache.org/maven2/org/springframework/boot/spring-boot-dependencies/2.1.4.RELEASE/spring-boot-dependencies-2.1.4.RELEASE.pom
[INFO] Downloaded from central-https: https://repo.maven.apache.org/maven2/org/springframework/boot/spring-boot-dependencies/2.1.4.RELEASE/spring-boot-dependencies-2.1.4.RELEASE.pom (97 kB at 534 kB/s)
[INFO] Downloading from central-https: https://repo.maven.apache.org/maven2/io/netty/netty-bom/4.1.34.Final/netty-bom-4.1.34.Final.pom
[INFO] Downloaded from central-https: https://repo.maven.apache.org/maven2/io/netty/netty-bom/4.1.34.Final/netty-bom-4.1.34.Final.pom (7.9 kB at 43 kB/s)
[INFO] Downloading from central-https: https://repo.maven.apache.org/maven2/io/projectreactor/reactor-bom/Californium-SR6/reactor-bom-Californium-SR6.pom
[INFO] Downloaded from central-https: https://repo.maven.apache.org/maven2/io/projectreactor/reactor-bom/Californium-SR6/reactor-bom-Californium-SR6.pom (4.0 kB at 22 kB/s)
[INFO] Downloading from central-https: https://repo.maven.apache.org/maven2/org/eclipse/jetty/jetty-bom/9.4.15.v20190215/jetty-bom-9.4.15.v20190215.pom
[INFO] Downloaded from central-https: https://repo.maven.apache.org/maven2/org/eclipse/jetty/jetty-bom/9.4.15.v20190215/jetty-bom-9.4.15.v20190215.pom (17 kB at 95 kB/s)
[INFO] Downloading from central-https: https://repo.maven.apache.org/maven2/org/springframework/spring-framework-bom/5.1.6.RELEASE/spring-framework-bom-5.1.6.RELEASE.pom
[INFO] Downloaded from central-https: https://repo.maven.apache.org/maven2/org/springframework/spring-framework-bom/5.1.6.RELEASE/spring-framework-bom-5.1.6.RELEASE.pom (5.3 kB at 29 kB/s)
[INFO] Downloading from central-https: https://repo.maven.apache.org/maven2/org/springframework/data/spring-data-releasetrain/Lovelace-SR6/spring-data-releasetrain-Lovelace-SR6.pom
[INFO] Downloaded from central-https: https://repo.maven.apache.org/maven2/org/springframework/data/spring-data-releasetrain/Lovelace-SR6/spring-data-releasetrain-Lovelace-SR6.pom (4.6 kB at 26 kB/s)
[INFO] Downloading from central-https: https://repo.maven.apache.org/maven2/org/springframework/data/build/spring-data-build/2.1.6.RELEASE/spring-data-build-2.1.6.RELEASE.pom
[INFO] Downloaded from central-https: https://repo.maven.apache.org/maven2/org/springframework/data/build/spring-data-build/2.1.6.RELEASE/spring-data-build-2.1.6.RELEASE.pom (6.6 kB at 35 kB/s)
[INFO] Downloading from central-https: https://repo.maven.apache.org/maven2/org/springframework/integration/spring-integration-bom/5.1.4.RELEASE/spring-integration-bom-5.1.4.RELEASE.pom
[INFO] Downloaded from central-https: https://repo.maven.apache.org/maven2/org/springframework/integration/spring-integration-bom/5.1.4.RELEASE/spring-integration-bom-5.1.4.RELEASE.pom (8.7 kB at 48 kB/s)
[INFO] Downloading from central-https: https://repo.maven.apache.org/maven2/org/springframework/security/spring-security-bom/5.1.5.RELEASE/spring-security-bom-5.1.5.RELEASE.pom
[INFO] Downloaded from central-https: https://repo.maven.apache.org/maven2/org/springframework/security/spring-security-bom/5.1.5.RELEASE/spring-security-bom-5.1.5.RELEASE.pom (5.0 kB at 28 kB/s)
[INFO] Downloading from central-https: https://repo.maven.apache.org/maven2/org/springframework/session/spring-session-bom/Bean-SR4/spring-session-bom-Bean-SR4.pom
[INFO] Downloaded from central-https: https://repo.maven.apache.org/maven2/org/springframework/session/spring-session-bom/Bean-SR4/spring-session-bom-Bean-SR4.pom (3.0 kB at 16 kB/s)
[INFO] Downloading from central-https: https://repo.maven.apache.org/maven2/com/baomidou/mybatis-plus/3.1.2/mybatis-plus-3.1.2.pom
[INFO] Downloaded from central-https: https://repo.maven.apache.org/maven2/com/baomidou/mybatis-plus/3.1.2/mybatis-plus-3.1.2.pom (1.6 kB at 8.4 kB/s)
[INFO] Downloading from central-https: https://repo.maven.apache.org/maven2/com/baomidou/mybatis-plus-extension/3.1.2/mybatis-plus-extension-3.1.2.pom
[INFO] Downloaded from central-https: https://repo.maven.apache.org/maven2/com/baomidou/mybatis-plus-extension/3.1.2/mybatis-plus-extension-3.1.2.pom (2.9 kB at 16 kB/s)
[INFO] Downloading from central-https: https://repo.maven.apache.org/maven2/com/baomidou/mybatis-plus-core/3.1.2/mybatis-plus-core-3.1.2.pom
[INFO] Downloaded from central-https: https://repo.maven.apache.org/maven2/com/baomidou/mybatis-plus-core/3.1.2/mybatis-plus-core-3.1.2.pom (2.2 kB at 12 kB/s)
[INFO] Downloading from central-https: https://repo.maven.apache.org/maven2/com/baomidou/mybatis-plus-annotation/3.1.2/mybatis-plus-annotation-3.1.2.pom
[INFO] Downloaded from central-https: https://repo.maven.apache.org/maven2/com/baomidou/mybatis-plus-annotation/3.1.2/mybatis-plus-annotation-3.1.2.pom (1.4 kB at 7.3 kB/s)
[INFO] Downloading from central-https: https://repo.maven.apache.org/maven2/org/mybatis/mybatis/3.5.1/mybatis-3.5.1.pom
[INFO] Downloaded from central-https: https://repo.maven.apache.org/maven2/org/mybatis/mybatis/3.5.1/mybatis-3.5.1.pom (12 kB at 69 kB/s)
[INFO] Downloading from central-https: https://repo.maven.apache.org/maven2/org/mybatis/mybatis-parent/31/mybatis-parent-31.pom
[INFO] Downloaded from central-https: https://repo.maven.apache.org/maven2/org/mybatis/mybatis-parent/31/mybatis-parent-31.pom (42 kB at 231 kB/s)
[INFO] Downloading from central-https: https://repo.maven.apache.org/maven2/com/github/jsqlparser/jsqlparser/1.2/jsqlparser-1.2.pom
[INFO] Downloaded from central-https: https://repo.maven.apache.org/maven2/com/github/jsqlparser/jsqlparser/1.2/jsqlparser-1.2.pom (18 kB at 92 kB/s)
[INFO] Downloading from central-https: https://repo.maven.apache.org/maven2/org/mybatis/mybatis-spring/2.0.1/mybatis-spring-2.0.1.pom
[INFO] Downloaded from central-https: https://repo.maven.apache.org/maven2/org/mybatis/mybatis-spring/2.0.1/mybatis-spring-2.0.1.pom (11 kB at 58 kB/s)
[INFO] Downloading from central-https: https://repo.maven.apache.org/maven2/org/springframework/boot/spring-boot-starter-jdbc/2.1.3.RELEASE/spring-boot-starter-jdbc-2.1.3.RELEASE.pom
[INFO] Downloaded from central-https: https://repo.maven.apache.org/maven2/org/springframework/boot/spring-boot-starter-jdbc/2.1.3.RELEASE/spring-boot-starter-jdbc-2.1.3.RELEASE.pom (2.5 kB at 14 kB/s)
[INFO] Downloading from central-https: https://repo.maven.apache.org/maven2/com/zaxxer/HikariCP/3.2.0/HikariCP-3.2.0.pom
[INFO] Downloaded from central-https: https://repo.maven.apache.org/maven2/com/zaxxer/HikariCP/3.2.0/HikariCP-3.2.0.pom (19 kB at 105 kB/s)
[INFO] Downloading from central-https: https://repo.maven.apache.org/maven2/org/sonatype/oss/oss-parent/9/oss-parent-9.pom
[INFO] Downloaded from central-https: https://repo.maven.apache.org/maven2/org/sonatype/oss/oss-parent/9/oss-parent-9.pom (6.6 kB at 36 kB/s)
[INFO] Downloading from central-https: https://repo.maven.apache.org/maven2/org/springframework/spring-jdbc/5.1.5.RELEASE/spring-jdbc-5.1.5.RELEASE.pom
[INFO] Downloaded from central-https: https://repo.maven.apache.org/maven2/org/springframework/spring-jdbc/5.1.5.RELEASE/spring-jdbc-5.1.5.RELEASE.pom (3.8 kB at 21 kB/s)
[INFO] Downloading from central-https: https://repo.maven.apache.org/maven2/org/springframework/spring-tx/5.1.5.RELEASE/spring-tx-5.1.5.RELEASE.pom
[INFO] Downloaded from central-https: https://repo.maven.apache.org/maven2/org/springframework/spring-tx/5.1.5.RELEASE/spring-tx-5.1.5.RELEASE.pom (3.4 kB at 18 kB/s)
[INFO] Downloading from central-https: https://repo.maven.apache.org/maven2/com/alibaba/druid-spring-boot-starter/1.1.17/druid-spring-boot-starter-1.1.17.pom
[INFO] Downloaded from central-https: https://repo.maven.apache.org/maven2/com/alibaba/druid-spring-boot-starter/1.1.17/druid-spring-boot-starter-1.1.17.pom (6.5 kB at 34 kB/s)
[INFO] Downloading from central-https: https://repo.maven.apache.org/maven2/org/springframework/boot/spring-boot-dependencies/1.5.12.RELEASE/spring-boot-dependencies-1.5.12.RELEASE.pom
[INFO] Downloaded from central-https: https://repo.maven.apache.org/maven2/org/springframework/boot/spring-boot-dependencies/1.5.12.RELEASE/spring-boot-dependencies-1.5.12.RELEASE.pom (110 kB at 578 kB/s)
[INFO] Downloading from central-https: https://repo.maven.apache.org/maven2/com/fasterxml/jackson/jackson-bom/2.8.11.20180217/jackson-bom-2.8.11.20180217.pom
[INFO] Downloaded from central-https: https://repo.maven.apache.org/maven2/com/fasterxml/jackson/jackson-bom/2.8.11.20180217/jackson-bom-2.8.11.20180217.pom (11 kB at 58 kB/s)
[INFO] Downloading from central-https: https://repo.maven.apache.org/maven2/com/fasterxml/jackson/jackson-parent/2.8/jackson-parent-2.8.pom
[INFO] Downloaded from central-https: https://repo.maven.apache.org/maven2/com/fasterxml/jackson/jackson-parent/2.8/jackson-parent-2.8.pom (8.0 kB at 44 kB/s)
[INFO] Downloading from central-https: https://repo.maven.apache.org/maven2/com/fasterxml/oss-parent/27/oss-parent-27.pom
[INFO] Downloaded from central-https: https://repo.maven.apache.org/maven2/com/fasterxml/oss-parent/27/oss-parent-27.pom (20 kB at 107 kB/s)
[INFO] Downloading from central-https: https://repo.maven.apache.org/maven2/org/apache/logging/log4j/log4j-bom/2.7/log4j-bom-2.7.pom
[INFO] Downloaded from central-https: https://repo.maven.apache.org/maven2/org/apache/logging/log4j/log4j-bom/2.7/log4j-bom-2.7.pom (5.4 kB at 29 kB/s)
[INFO] Downloading from central-https: https://repo.maven.apache.org/maven2/org/apache/apache/9/apache-9.pom
[INFO] Downloaded from central-https: https://repo.maven.apache.org/maven2/org/apache/apache/9/apache-9.pom (15 kB at 82 kB/s)
[INFO] Downloading from central-https: https://repo.maven.apache.org/maven2/org/springframework/spring-framework-bom/4.3.16.RELEASE/spring-framework-bom-4.3.16.RELEASE.pom
[INFO] Downloaded from central-https: https://repo.maven.apache.org/maven2/org/springframework/spring-framework-bom/4.3.16.RELEASE/spring-framework-bom-4.3.16.RELEASE.pom (5.1 kB at 29 kB/s)
[INFO] Downloading from central-https: https://repo.maven.apache.org/maven2/org/springframework/data/spring-data-releasetrain/Ingalls-SR11/spring-data-releasetrain-Ingalls-SR11.pom
[INFO] Downloaded from central-https: https://repo.maven.apache.org/maven2/org/springframework/data/spring-data-releasetrain/Ingalls-SR11/spring-data-releasetrain-Ingalls-SR11.pom (4.6 kB at 25 kB/s)
[INFO] Downloading from central-https: https://repo.maven.apache.org/maven2/org/springframework/data/build/spring-data-build/1.9.11.RELEASE/spring-data-build-1.9.11.RELEASE.pom
[INFO] Downloaded from central-https: https://repo.maven.apache.org/maven2/org/springframework/data/build/spring-data-build/1.9.11.RELEASE/spring-data-build-1.9.11.RELEASE.pom (6.6 kB at 36 kB/s)
[INFO] Downloading from central-https: https://repo.maven.apache.org/maven2/org/springframework/integration/spring-integration-bom/4.3.15.RELEASE/spring-integration-bom-4.3.15.RELEASE.pom
[INFO] Downloaded from central-https: https://repo.maven.apache.org/maven2/org/springframework/integration/spring-integration-bom/4.3.15.RELEASE/spring-integration-bom-4.3.15.RELEASE.pom (8.5 kB at 47 kB/s)
[INFO] Downloading from central-https: https://repo.maven.apache.org/maven2/org/springframework/security/spring-security-bom/4.2.5.RELEASE/spring-security-bom-4.2.5.RELEASE.pom
[INFO] Downloaded from central-https: https://repo.maven.apache.org/maven2/org/springframework/security/spring-security-bom/4.2.5.RELEASE/spring-security-bom-4.2.5.RELEASE.pom (4.3 kB at 24 kB/s)
[INFO] Downloading from central-https: https://repo.maven.apache.org/maven2/com/alibaba/druid/1.1.17/druid-1.1.17.pom
[INFO] Downloaded from central-https: https://repo.maven.apache.org/maven2/com/alibaba/druid/1.1.17/druid-1.1.17.pom (19 kB at 101 kB/s)
[INFO] Downloading from central-https: https://repo.maven.apache.org/maven2/com/baomidou/dynamic-datasource-spring-boot-starter/2.5.4/dynamic-datasource-spring-boot-starter-2.5.4.pom
[INFO] Downloaded from central-https: https://repo.maven.apache.org/maven2/com/baomidou/dynamic-datasource-spring-boot-starter/2.5.4/dynamic-datasource-spring-boot-starter-2.5.4.pom (7.9 kB at 24 kB/s)
[INFO] Downloading from central-https: https://repo.maven.apache.org/maven2/org/springframework/boot/spring-boot-starter-parent/1.5.1.RELEASE/spring-boot-starter-parent-1.5.1.RELEASE.pom
[INFO] Downloaded from central-https: https://repo.maven.apache.org/maven2/org/springframework/boot/spring-boot-starter-parent/1.5.1.RELEASE/spring-boot-starter-parent-1.5.1.RELEASE.pom (7.4 kB at 41 kB/s)
[INFO] Downloading from central-https: https://repo.maven.apache.org/maven2/org/springframework/boot/spring-boot-dependencies/1.5.1.RELEASE/spring-boot-dependencies-1.5.1.RELEASE.pom
[INFO] Downloaded from central-https: https://repo.maven.apache.org/maven2/org/springframework/boot/spring-boot-dependencies/1.5.1.RELEASE/spring-boot-dependencies-1.5.1.RELEASE.pom (89 kB at 482 kB/s)
[INFO] Downloading from central-https: https://repo.maven.apache.org/maven2/com/fasterxml/jackson/jackson-bom/2.8.6/jackson-bom-2.8.6.pom
[INFO] Downloaded from central-https: https://repo.maven.apache.org/maven2/com/fasterxml/jackson/jackson-bom/2.8.6/jackson-bom-2.8.6.pom (10 kB at 57 kB/s)
[INFO] Downloading from central-https: https://repo.maven.apache.org/maven2/org/springframework/spring-framework-bom/4.3.6.RELEASE/spring-framework-bom-4.3.6.RELEASE.pom
[INFO] Downloaded from central-https: https://repo.maven.apache.org/maven2/org/springframework/spring-framework-bom/4.3.6.RELEASE/spring-framework-bom-4.3.6.RELEASE.pom (5.1 kB at 28 kB/s)
[INFO] Downloading from central-https: https://repo.maven.apache.org/maven2/org/springframework/data/spring-data-releasetrain/Ingalls-RELEASE/spring-data-releasetrain-Ingalls-RELEASE.pom
[INFO] Downloaded from central-https: https://repo.maven.apache.org/maven2/org/springframework/data/spring-data-releasetrain/Ingalls-RELEASE/spring-data-releasetrain-Ingalls-RELEASE.pom (4.6 kB at 25 kB/s)
[INFO] Downloading from central-https: https://repo.maven.apache.org/maven2/org/springframework/data/build/spring-data-build/1.9.0.RELEASE/spring-data-build-1.9.0.RELEASE.pom
[INFO] Downloaded from central-https: https://repo.maven.apache.org/maven2/org/springframework/data/build/spring-data-build/1.9.0.RELEASE/spring-data-build-1.9.0.RELEASE.pom (5.4 kB at 30 kB/s)
[INFO] Downloading from central-https: https://repo.maven.apache.org/maven2/org/springframework/integration/spring-integration-bom/4.3.7.RELEASE/spring-integration-bom-4.3.7.RELEASE.pom
[INFO] Downloaded from central-https: https://repo.maven.apache.org/maven2/org/springframework/integration/spring-integration-bom/4.3.7.RELEASE/spring-integration-bom-4.3.7.RELEASE.pom (8.5 kB at 47 kB/s)
[INFO] Downloading from central-https: https://repo.maven.apache.org/maven2/org/springframework/security/spring-security-bom/4.2.1.RELEASE/spring-security-bom-4.2.1.RELEASE.pom
[INFO] Downloaded from central-https: https://repo.maven.apache.org/maven2/org/springframework/security/spring-security-bom/4.2.1.RELEASE/spring-security-bom-4.2.1.RELEASE.pom (4.3 kB at 24 kB/s)
[INFO] Downloading from central-https: https://repo.maven.apache.org/maven2/com/alibaba/fastjson/1.2.83/fastjson-1.2.83.pom
[INFO] Downloaded from central-https: https://repo.maven.apache.org/maven2/com/alibaba/fastjson/1.2.83/fastjson-1.2.83.pom (11 kB at 60 kB/s)
[INFO] Downloading from central-https: https://repo.maven.apache.org/maven2/mysql/mysql-connector-java/8.0.28/mysql-connector-java-8.0.28.pom
[INFO] Downloaded from central-https: https://repo.maven.apache.org/maven2/mysql/mysql-connector-java/8.0.28/mysql-connector-java-8.0.28.pom (2.7 kB at 15 kB/s)
[INFO] Downloading from central-https: https://repo.maven.apache.org/maven2/com/microsoft/sqlserver/sqljdbc4/4.0/sqljdbc4-4.0.pom
[INFO] Downloading from jeecg: https://maven.jeecg.org/nexus/content/repositories/jeecg/com/microsoft/sqlserver/sqljdbc4/4.0/sqljdbc4-4.0.pom
[INFO] Downloaded from jeecg: https://maven.jeecg.org/nexus/content/repositories/jeecg/com/microsoft/sqlserver/sqljdbc4/4.0/sqljdbc4-4.0.pom (402 B at 5.7 kB/s)
[INFO] Downloading from central-https: https://repo.maven.apache.org/maven2/com/oracle/database/jdbc/ojdbc6/11.2.0.4/ojdbc6-11.2.0.4.pom
[INFO] Downloaded from central-https: https://repo.maven.apache.org/maven2/com/oracle/database/jdbc/ojdbc6/11.2.0.4/ojdbc6-11.2.0.4.pom (9.2 kB at 49 kB/s)
[INFO] Downloading from central-https: https://repo.maven.apache.org/maven2/com/oracle/database/jdbc/ucp/11.2.0.4/ucp-11.2.0.4.pom
[INFO] Downloaded from central-https: https://repo.maven.apache.org/maven2/com/oracle/database/jdbc/ucp/11.2.0.4/ucp-11.2.0.4.pom (7.1 kB at 36 kB/s)
[INFO] Downloading from central-https: https://repo.maven.apache.org/maven2/com/oracle/database/security/oraclepki/11.2.0.4/oraclepki-11.2.0.4.pom
[INFO] Downloaded from central-https: https://repo.maven.apache.org/maven2/com/oracle/database/security/oraclepki/11.2.0.4/oraclepki-11.2.0.4.pom (7.2 kB at 39 kB/s)
[INFO] Downloading from central-https: https://repo.maven.apache.org/maven2/com/oracle/database/security/osdt_cert/11.2.0.4/osdt_cert-11.2.0.4.pom
[INFO] Downloaded from central-https: https://repo.maven.apache.org/maven2/com/oracle/database/security/osdt_cert/11.2.0.4/osdt_cert-11.2.0.4.pom (7.2 kB at 38 kB/s)
[INFO] Downloading from central-https: https://repo.maven.apache.org/maven2/com/oracle/database/security/osdt_core/11.2.0.4/osdt_core-11.2.0.4.pom
[INFO] Downloaded from central-https: https://repo.maven.apache.org/maven2/com/oracle/database/security/osdt_core/11.2.0.4/osdt_core-11.2.0.4.pom (7.2 kB at 38 kB/s)
[INFO] Downloading from central-https: https://repo.maven.apache.org/maven2/com/oracle/database/ha/simplefan/11.2.0.4/simplefan-11.2.0.4.pom
[INFO] Downloaded from central-https: https://repo.maven.apache.org/maven2/com/oracle/database/ha/simplefan/11.2.0.4/simplefan-11.2.0.4.pom (7.4 kB at 40 kB/s)
[INFO] Downloading from central-https: https://repo.maven.apache.org/maven2/com/oracle/database/ha/ons/11.2.0.4/ons-11.2.0.4.pom
[INFO] Downloaded from central-https: https://repo.maven.apache.org/maven2/com/oracle/database/ha/ons/11.2.0.4/ons-11.2.0.4.pom (7.1 kB at 39 kB/s)
[INFO] Downloading from central-https: https://repo.maven.apache.org/maven2/org/postgresql/postgresql/42.2.27/postgresql-42.2.27.pom
[INFO] Downloaded from central-https: https://repo.maven.apache.org/maven2/org/postgresql/postgresql/42.2.27/postgresql-42.2.27.pom (2.7 kB at 15 kB/s)
[INFO] Downloading from central-https: https://repo.maven.apache.org/maven2/org/checkerframework/checker-qual/3.5.0/checker-qual-3.5.0.pom
[INFO] Downloaded from central-https: https://repo.maven.apache.org/maven2/org/checkerframework/checker-qual/3.5.0/checker-qual-3.5.0.pom (2.2 kB at 12 kB/s)
[INFO] Downloading from central-https: https://repo.maven.apache.org/maven2/org/hibernate/hibernate-re/2.1.5/hibernate-re-2.1.5.pom
[INFO] Downloading from jeecg: https://maven.jeecg.org/nexus/content/repositories/jeecg/org/hibernate/hibernate-re/2.1.5/hibernate-re-2.1.5.pom
[INFO] Downloaded from jeecg: https://maven.jeecg.org/nexus/content/repositories/jeecg/org/hibernate/hibernate-re/2.1.5/hibernate-re-2.1.5.pom (398 B at 23 kB/s)
[INFO] Downloading from central-https: https://repo.maven.apache.org/maven2/org/hibernate/hibernate-core/5.3.20.Final/hibernate-core-5.3.20.Final.pom
[INFO] Downloaded from central-https: https://repo.maven.apache.org/maven2/org/hibernate/hibernate-core/5.3.20.Final/hibernate-core-5.3.20.Final.pom (6.1 kB at 33 kB/s)
[INFO] Downloading from central-https: https://repo.maven.apache.org/maven2/javax/persistence/javax.persistence-api/2.2/javax.persistence-api-2.2.pom
[INFO] Downloaded from central-https: https://repo.maven.apache.org/maven2/javax/persistence/javax.persistence-api/2.2/javax.persistence-api-2.2.pom (11 kB at 61 kB/s)
[INFO] Downloading from central-https: https://repo.maven.apache.org/maven2/net/java/jvnet-parent/5/jvnet-parent-5.pom
[INFO] Downloaded from central-https: https://repo.maven.apache.org/maven2/net/java/jvnet-parent/5/jvnet-parent-5.pom (8.9 kB at 48 kB/s)
[INFO] Downloading from central-https: https://repo.maven.apache.org/maven2/org/javassist/javassist/3.23.2-GA/javassist-3.23.2-GA.pom
[INFO] Downloaded from central-https: https://repo.maven.apache.org/maven2/org/javassist/javassist/3.23.2-GA/javassist-3.23.2-GA.pom (10 kB at 54 kB/s)
[INFO] Downloading from central-https: https://repo.maven.apache.org/maven2/antlr/antlr/2.7.7/antlr-2.7.7.pom
[INFO] Downloaded from central-https: https://repo.maven.apache.org/maven2/antlr/antlr/2.7.7/antlr-2.7.7.pom (632 B at 3.4 kB/s)
[INFO] Downloading from central-https: https://repo.maven.apache.org/maven2/org/jboss/spec/javax/transaction/jboss-transaction-api_1.2_spec/1.1.1.Final/jboss-transaction-api_1.2_spec-1.1.1.Final.pom
[INFO] Downloaded from central-https: https://repo.maven.apache.org/maven2/org/jboss/spec/javax/transaction/jboss-transaction-api_1.2_spec/1.1.1.Final/jboss-transaction-api_1.2_spec-1.1.1.Final.pom (5.2 kB at 27 kB/s)
[INFO] Downloading from central-https: https://repo.maven.apache.org/maven2/org/jboss/jboss-parent/25/jboss-parent-25.pom
[INFO] Downloaded from central-https: https://repo.maven.apache.org/maven2/org/jboss/jboss-parent/25/jboss-parent-25.pom (35 kB at 180 kB/s)
[INFO] Downloading from central-https: https://repo.maven.apache.org/maven2/org/jboss/jandex/2.0.5.Final/jandex-2.0.5.Final.pom
[INFO] Downloaded from central-https: https://repo.maven.apache.org/maven2/org/jboss/jandex/2.0.5.Final/jandex-2.0.5.Final.pom (5.7 kB at 31 kB/s)
[INFO] Downloading from central-https: https://repo.maven.apache.org/maven2/org/jboss/jboss-parent/12/jboss-parent-12.pom
[INFO] Downloaded from central-https: https://repo.maven.apache.org/maven2/org/jboss/jboss-parent/12/jboss-parent-12.pom (32 kB at 172 kB/s)
[INFO] Downloading from central-https: https://repo.maven.apache.org/maven2/javax/activation/javax.activation-api/1.2.0/javax.activation-api-1.2.0.pom
[INFO] Downloaded from central-https: https://repo.maven.apache.org/maven2/javax/activation/javax.activation-api/1.2.0/javax.activation-api-1.2.0.pom (4.9 kB at 26 kB/s)
[INFO] Downloading from central-https: https://repo.maven.apache.org/maven2/com/sun/activation/all/1.2.0/all-1.2.0.pom
[INFO] Downloaded from central-https: https://repo.maven.apache.org/maven2/com/sun/activation/all/1.2.0/all-1.2.0.pom (18 kB at 96 kB/s)
[INFO] Downloading from central-https: https://repo.maven.apache.org/maven2/org/dom4j/dom4j/2.1.3/dom4j-2.1.3.pom
[INFO] Downloaded from central-https: https://repo.maven.apache.org/maven2/org/dom4j/dom4j/2.1.3/dom4j-2.1.3.pom (2.8 kB at 15 kB/s)
[INFO] Downloading from central-https: https://repo.maven.apache.org/maven2/org/hibernate/common/hibernate-commons-annotations/5.0.4.Final/hibernate-commons-annotations-5.0.4.Final.pom
[INFO] Downloaded from central-https: https://repo.maven.apache.org/maven2/org/hibernate/common/hibernate-commons-annotations/5.0.4.Final/hibernate-commons-annotations-5.0.4.Final.pom (1.9 kB at 10.0 kB/s)
[INFO] Downloading from central-https: https://repo.maven.apache.org/maven2/javax/xml/bind/jaxb-api/2.3.1/jaxb-api-2.3.1.pom
[INFO] Downloaded from central-https: https://repo.maven.apache.org/maven2/javax/xml/bind/jaxb-api/2.3.1/jaxb-api-2.3.1.pom (20 kB at 106 kB/s)
[INFO] Downloading from central-https: https://repo.maven.apache.org/maven2/javax/xml/bind/jaxb-api-parent/2.3.1/jaxb-api-parent-2.3.1.pom
[INFO] Downloaded from central-https: https://repo.maven.apache.org/maven2/javax/xml/bind/jaxb-api-parent/2.3.1/jaxb-api-parent-2.3.1.pom (8.1 kB at 43 kB/s)
[INFO] Downloading from central-https: https://repo.maven.apache.org/maven2/org/glassfish/jaxb/jaxb-runtime/2.3.1/jaxb-runtime-2.3.1.pom
[INFO] Downloaded from central-https: https://repo.maven.apache.org/maven2/org/glassfish/jaxb/jaxb-runtime/2.3.1/jaxb-runtime-2.3.1.pom (7.8 kB at 43 kB/s)
[INFO] Downloading from central-https: https://repo.maven.apache.org/maven2/com/sun/xml/bind/mvn/jaxb-runtime-parent/2.3.1/jaxb-runtime-parent-2.3.1.pom
[INFO] Downloaded from central-https: https://repo.maven.apache.org/maven2/com/sun/xml/bind/mvn/jaxb-runtime-parent/2.3.1/jaxb-runtime-parent-2.3.1.pom (2.8 kB at 15 kB/s)
[INFO] Downloading from central-https: https://repo.maven.apache.org/maven2/com/sun/xml/bind/mvn/jaxb-parent/2.3.1/jaxb-parent-2.3.1.pom
[INFO] Downloaded from central-https: https://repo.maven.apache.org/maven2/com/sun/xml/bind/mvn/jaxb-parent/2.3.1/jaxb-parent-2.3.1.pom (41 kB at 222 kB/s)
[INFO] Downloading from central-https: https://repo.maven.apache.org/maven2/com/sun/xml/bind/jaxb-bom-ext/2.3.1/jaxb-bom-ext-2.3.1.pom
[INFO] Downloaded from central-https: https://repo.maven.apache.org/maven2/com/sun/xml/bind/jaxb-bom-ext/2.3.1/jaxb-bom-ext-2.3.1.pom (5.0 kB at 28 kB/s)
[INFO] Downloading from central-https: https://repo.maven.apache.org/maven2/org/glassfish/jaxb/jaxb-bom/2.3.1/jaxb-bom-2.3.1.pom
[INFO] Downloaded from central-https: https://repo.maven.apache.org/maven2/org/glassfish/jaxb/jaxb-bom/2.3.1/jaxb-bom-2.3.1.pom (10 kB at 55 kB/s)
[INFO] Downloading from central-https: https://repo.maven.apache.org/maven2/org/glassfish/jaxb/txw2/2.3.1/txw2-2.3.1.pom
[INFO] Downloaded from central-https: https://repo.maven.apache.org/maven2/org/glassfish/jaxb/txw2/2.3.1/txw2-2.3.1.pom (4.3 kB at 24 kB/s)
[INFO] Downloading from central-https: https://repo.maven.apache.org/maven2/com/sun/xml/bind/mvn/jaxb-txw-parent/2.3.1/jaxb-txw-parent-2.3.1.pom
[INFO] Downloaded from central-https: https://repo.maven.apache.org/maven2/com/sun/xml/bind/mvn/jaxb-txw-parent/2.3.1/jaxb-txw-parent-2.3.1.pom (2.8 kB at 15 kB/s)
[INFO] Downloading from central-https: https://repo.maven.apache.org/maven2/com/sun/istack/istack-commons-runtime/3.0.7/istack-commons-runtime-3.0.7.pom
[INFO] Downloaded from central-https: https://repo.maven.apache.org/maven2/com/sun/istack/istack-commons-runtime/3.0.7/istack-commons-runtime-3.0.7.pom (5.9 kB at 33 kB/s)
[INFO] Downloading from central-https: https://repo.maven.apache.org/maven2/com/sun/istack/istack-commons/3.0.7/istack-commons-3.0.7.pom
[INFO] Downloaded from central-https: https://repo.maven.apache.org/maven2/com/sun/istack/istack-commons/3.0.7/istack-commons-3.0.7.pom (14 kB at 75 kB/s)
[INFO] Downloading from central-https: https://repo.maven.apache.org/maven2/org/jvnet/staxex/stax-ex/1.8/stax-ex-1.8.pom
[INFO] Downloaded from central-https: https://repo.maven.apache.org/maven2/org/jvnet/staxex/stax-ex/1.8/stax-ex-1.8.pom (15 kB at 77 kB/s)
[INFO] Downloading from central-https: https://repo.maven.apache.org/maven2/com/sun/xml/fastinfoset/FastInfoset/1.2.15/FastInfoset-1.2.15.pom
[INFO] Downloaded from central-https: https://repo.maven.apache.org/maven2/com/sun/xml/fastinfoset/FastInfoset/1.2.15/FastInfoset-1.2.15.pom (6.9 kB at 36 kB/s)
[INFO] Downloading from central-https: https://repo.maven.apache.org/maven2/com/sun/xml/fastinfoset/fastinfoset-project/1.2.15/fastinfoset-project-1.2.15.pom
[INFO] Downloaded from central-https: https://repo.maven.apache.org/maven2/com/sun/xml/fastinfoset/fastinfoset-project/1.2.15/fastinfoset-project-1.2.15.pom (14 kB at 76 kB/s)
[INFO] Downloading from central-https: https://repo.maven.apache.org/maven2/org/springframework/boot/spring-boot-starter-quartz/2.1.3.RELEASE/spring-boot-starter-quartz-2.1.3.RELEASE.pom
[INFO] Downloaded from central-https: https://repo.maven.apache.org/maven2/org/springframework/boot/spring-boot-starter-quartz/2.1.3.RELEASE/spring-boot-starter-quartz-2.1.3.RELEASE.pom (3.0 kB at 13 kB/s)
[INFO] Downloading from central-https: https://repo.maven.apache.org/maven2/org/quartz-scheduler/quartz/2.3.0/quartz-2.3.0.pom
[INFO] Downloaded from central-https: https://repo.maven.apache.org/maven2/org/quartz-scheduler/quartz/2.3.0/quartz-2.3.0.pom (10.0 kB at 54 kB/s)
[INFO] Downloading from central-https: https://repo.maven.apache.org/maven2/org/quartz-scheduler/quartz-parent/2.3.0/quartz-parent-2.3.0.pom
[INFO] Downloaded from central-https: https://repo.maven.apache.org/maven2/org/quartz-scheduler/quartz-parent/2.3.0/quartz-parent-2.3.0.pom (14 kB at 77 kB/s)
[INFO] Downloading from central-https: https://repo.maven.apache.org/maven2/com/mchange/mchange-commons-java/0.2.11/mchange-commons-java-0.2.11.pom
[INFO] Downloaded from central-https: https://repo.maven.apache.org/maven2/com/mchange/mchange-commons-java/0.2.11/mchange-commons-java-0.2.11.pom (3.3 kB at 17 kB/s)
[INFO] Downloading from central-https: https://repo.maven.apache.org/maven2/com/auth0/java-jwt/3.7.0/java-jwt-3.7.0.pom
[INFO] Downloaded from central-https: https://repo.maven.apache.org/maven2/com/auth0/java-jwt/3.7.0/java-jwt-3.7.0.pom (1.8 kB at 10 kB/s)
[INFO] Downloading from central-https: https://repo.maven.apache.org/maven2/commons-codec/commons-codec/1.11/commons-codec-1.11.pom
[INFO] Downloaded from central-https: https://repo.maven.apache.org/maven2/commons-codec/commons-codec/1.11/commons-codec-1.11.pom (14 kB at 76 kB/s)
[INFO] Downloading from central-https: https://repo.maven.apache.org/maven2/org/apache/shiro/shiro-spring-boot-starter/1.13.0/shiro-spring-boot-starter-1.13.0.pom
[INFO] Downloaded from central-https: https://repo.maven.apache.org/maven2/org/apache/shiro/shiro-spring-boot-starter/1.13.0/shiro-spring-boot-starter-1.13.0.pom (4.7 kB at 25 kB/s)
[INFO] Downloading from central-https: https://repo.maven.apache.org/maven2/org/apache/shiro/shiro-spring-boot/1.13.0/shiro-spring-boot-1.13.0.pom
[INFO] Downloaded from central-https: https://repo.maven.apache.org/maven2/org/apache/shiro/shiro-spring-boot/1.13.0/shiro-spring-boot-1.13.0.pom (2.1 kB at 11 kB/s)
[INFO] Downloading from central-https: https://repo.maven.apache.org/maven2/org/apache/shiro/shiro-support/1.13.0/shiro-support-1.13.0.pom
[INFO] Downloaded from central-https: https://repo.maven.apache.org/maven2/org/apache/shiro/shiro-support/1.13.0/shiro-support-1.13.0.pom (1.8 kB at 9.5 kB/s)
[INFO] Downloading from central-https: https://repo.maven.apache.org/maven2/org/apache/shiro/shiro-root/1.13.0/shiro-root-1.13.0.pom
[INFO] Downloaded from central-https: https://repo.maven.apache.org/maven2/org/apache/shiro/shiro-root/1.13.0/shiro-root-1.13.0.pom (76 kB at 385 kB/s)
[INFO] Downloading from central-https: https://repo.maven.apache.org/maven2/org/apache/apache/30/apache-30.pom
[INFO] Downloaded from central-https: https://repo.maven.apache.org/maven2/org/apache/apache/30/apache-30.pom (23 kB at 128 kB/s)
[INFO] Downloading from central-https: https://repo.maven.apache.org/maven2/org/apache/shiro/shiro-spring/1.13.0/shiro-spring-1.13.0.pom
[INFO] Downloaded from central-https: https://repo.maven.apache.org/maven2/org/apache/shiro/shiro-spring/1.13.0/shiro-spring-1.13.0.pom (4.5 kB at 25 kB/s)
[INFO] Downloading from central-https: https://repo.maven.apache.org/maven2/org/apache/shiro/shiro-core/1.13.0/shiro-core-1.13.0.pom
[INFO] Downloaded from central-https: https://repo.maven.apache.org/maven2/org/apache/shiro/shiro-core/1.13.0/shiro-core-1.13.0.pom (5.2 kB at 29 kB/s)
[INFO] Downloading from central-https: https://repo.maven.apache.org/maven2/org/apache/shiro/shiro-lang/1.13.0/shiro-lang-1.13.0.pom
[INFO] Downloaded from central-https: https://repo.maven.apache.org/maven2/org/apache/shiro/shiro-lang/1.13.0/shiro-lang-1.13.0.pom (3.2 kB at 18 kB/s)
[INFO] Downloading from central-https: https://repo.maven.apache.org/maven2/org/apache/shiro/shiro-cache/1.13.0/shiro-cache-1.13.0.pom
[INFO] Downloaded from central-https: https://repo.maven.apache.org/maven2/org/apache/shiro/shiro-cache/1.13.0/shiro-cache-1.13.0.pom (2.4 kB at 13 kB/s)
[INFO] Downloading from central-https: https://repo.maven.apache.org/maven2/org/apache/shiro/shiro-crypto-hash/1.13.0/shiro-crypto-hash-1.13.0.pom
[INFO] Downloaded from central-https: https://repo.maven.apache.org/maven2/org/apache/shiro/shiro-crypto-hash/1.13.0/shiro-crypto-hash-1.13.0.pom (3.1 kB at 17 kB/s)
[INFO] Downloading from central-https: https://repo.maven.apache.org/maven2/org/apache/shiro/shiro-crypto/1.13.0/shiro-crypto-1.13.0.pom
[INFO] Downloaded from central-https: https://repo.maven.apache.org/maven2/org/apache/shiro/shiro-crypto/1.13.0/shiro-crypto-1.13.0.pom (1.5 kB at 8.1 kB/s)
[INFO] Downloading from central-https: https://repo.maven.apache.org/maven2/org/apache/shiro/shiro-crypto-core/1.13.0/shiro-crypto-core-1.13.0.pom
[INFO] Downloaded from central-https: https://repo.maven.apache.org/maven2/org/apache/shiro/shiro-crypto-core/1.13.0/shiro-crypto-core-1.13.0.pom (2.4 kB at 12 kB/s)
[INFO] Downloading from central-https: https://repo.maven.apache.org/maven2/org/apache/shiro/shiro-crypto-cipher/1.13.0/shiro-crypto-cipher-1.13.0.pom
[INFO] Downloaded from central-https: https://repo.maven.apache.org/maven2/org/apache/shiro/shiro-crypto-cipher/1.13.0/shiro-crypto-cipher-1.13.0.pom (3.3 kB at 17 kB/s)
[INFO] Downloading from central-https: https://repo.maven.apache.org/maven2/org/apache/shiro/shiro-config-core/1.13.0/shiro-config-core-1.13.0.pom
[INFO] Downloaded from central-https: https://repo.maven.apache.org/maven2/org/apache/shiro/shiro-config-core/1.13.0/shiro-config-core-1.13.0.pom (2.4 kB at 13 kB/s)
[INFO] Downloading from central-https: https://repo.maven.apache.org/maven2/org/apache/shiro/shiro-config/1.13.0/shiro-config-1.13.0.pom
[INFO] Downloaded from central-https: https://repo.maven.apache.org/maven2/org/apache/shiro/shiro-config/1.13.0/shiro-config-1.13.0.pom (1.5 kB at 7.9 kB/s)
[INFO] Downloading from central-https: https://repo.maven.apache.org/maven2/org/apache/shiro/shiro-config-ogdl/1.13.0/shiro-config-ogdl-1.13.0.pom
[INFO] Downloaded from central-https: https://repo.maven.apache.org/maven2/org/apache/shiro/shiro-config-ogdl/1.13.0/shiro-config-ogdl-1.13.0.pom (4.1 kB at 21 kB/s)
[INFO] Downloading from central-https: https://repo.maven.apache.org/maven2/org/apache/shiro/shiro-event/1.13.0/shiro-event-1.13.0.pom
[INFO] Downloaded from central-https: https://repo.maven.apache.org/maven2/org/apache/shiro/shiro-event/1.13.0/shiro-event-1.13.0.pom (2.4 kB at 13 kB/s)
[INFO] Downloading from central-https: https://repo.maven.apache.org/maven2/commons-beanutils/commons-beanutils/1.9.4/commons-beanutils-1.9.4.pom
[INFO] Downloaded from central-https: https://repo.maven.apache.org/maven2/commons-beanutils/commons-beanutils/1.9.4/commons-beanutils-1.9.4.pom (18 kB at 95 kB/s)
[INFO] Downloading from central-https: https://repo.maven.apache.org/maven2/org/apache/commons/commons-parent/47/commons-parent-47.pom
[INFO] Downloaded from central-https: https://repo.maven.apache.org/maven2/org/apache/commons/commons-parent/47/commons-parent-47.pom (78 kB at 384 kB/s)
[INFO] Downloading from central-https: https://repo.maven.apache.org/maven2/commons-collections/commons-collections/3.2.2/commons-collections-3.2.2.pom
[INFO] Downloaded from central-https: https://repo.maven.apache.org/maven2/commons-collections/commons-collections/3.2.2/commons-collections-3.2.2.pom (12 kB at 69 kB/s)
[INFO] Downloading from central-https: https://repo.maven.apache.org/maven2/org/apache/shiro/shiro-web/1.13.0/shiro-web-1.13.0.pom
[INFO] Downloaded from central-https: https://repo.maven.apache.org/maven2/org/apache/shiro/shiro-web/1.13.0/shiro-web-1.13.0.pom (4.5 kB at 25 kB/s)
[INFO] Downloading from central-https: https://repo.maven.apache.org/maven2/org/owasp/encoder/encoder/1.2.3/encoder-1.2.3.pom
[INFO] Downloaded from central-https: https://repo.maven.apache.org/maven2/org/owasp/encoder/encoder/1.2.3/encoder-1.2.3.pom (4.1 kB at 22 kB/s)
[INFO] Downloading from central-https: https://repo.maven.apache.org/maven2/org/owasp/encoder/encoder-parent/1.2.3/encoder-parent-1.2.3.pom
[INFO] Downloaded from central-https: https://repo.maven.apache.org/maven2/org/owasp/encoder/encoder-parent/1.2.3/encoder-parent-1.2.3.pom (20 kB at 108 kB/s)
[INFO] Downloading from central-https: https://repo.maven.apache.org/maven2/org/crazycake/shiro-redis/3.1.0/shiro-redis-3.1.0.pom
[INFO] Downloaded from central-https: https://repo.maven.apache.org/maven2/org/crazycake/shiro-redis/3.1.0/shiro-redis-3.1.0.pom (7.2 kB at 39 kB/s)
[INFO] Downloading from central-https: https://repo.maven.apache.org/maven2/redis/clients/jedis/2.9.1/jedis-2.9.1.pom
[INFO] Downloaded from central-https: https://repo.maven.apache.org/maven2/redis/clients/jedis/2.9.1/jedis-2.9.1.pom (6.8 kB at 36 kB/s)
[INFO] Downloading from central-https: https://repo.maven.apache.org/maven2/org/apache/commons/commons-pool2/2.6.1/commons-pool2-2.6.1.pom
[INFO] Downloaded from central-https: https://repo.maven.apache.org/maven2/org/apache/commons/commons-pool2/2.6.1/commons-pool2-2.6.1.pom (14 kB at 78 kB/s)
[INFO] Downloading from central-https: https://repo.maven.apache.org/maven2/com/puppycrawl/tools/checkstyle/8.3/checkstyle-8.3.pom
[INFO] Downloaded from central-https: https://repo.maven.apache.org/maven2/com/puppycrawl/tools/checkstyle/8.3/checkstyle-8.3.pom (95 kB at 487 kB/s)
[INFO] Downloading from central-https: https://repo.maven.apache.org/maven2/org/antlr/antlr4-runtime/4.7/antlr4-runtime-4.7.pom
[INFO] Downloaded from central-https: https://repo.maven.apache.org/maven2/org/antlr/antlr4-runtime/4.7/antlr4-runtime-4.7.pom (3.5 kB at 19 kB/s)
[INFO] Downloading from central-https: https://repo.maven.apache.org/maven2/org/antlr/antlr4-master/4.7/antlr4-master-4.7.pom
[INFO] Downloaded from central-https: https://repo.maven.apache.org/maven2/org/antlr/antlr4-master/4.7/antlr4-master-4.7.pom (4.0 kB at 22 kB/s)
[INFO] Downloading from central-https: https://repo.maven.apache.org/maven2/commons-beanutils/commons-beanutils/1.9.3/commons-beanutils-1.9.3.pom
[INFO] Downloaded from central-https: https://repo.maven.apache.org/maven2/commons-beanutils/commons-beanutils/1.9.3/commons-beanutils-1.9.3.pom (15 kB at 78 kB/s)
[INFO] Downloading from central-https: https://repo.maven.apache.org/maven2/org/apache/commons/commons-parent/41/commons-parent-41.pom
[INFO] Downloaded from central-https: https://repo.maven.apache.org/maven2/org/apache/commons/commons-parent/41/commons-parent-41.pom (65 kB at 350 kB/s)
[INFO] Downloading from central-https: https://repo.maven.apache.org/maven2/commons-logging/commons-logging/1.2/commons-logging-1.2.pom
[INFO] Downloaded from central-https: https://repo.maven.apache.org/maven2/commons-logging/commons-logging/1.2/commons-logging-1.2.pom (19 kB at 108 kB/s)
[INFO] Downloading from central-https: https://repo.maven.apache.org/maven2/org/apache/commons/commons-parent/34/commons-parent-34.pom
[INFO] Downloaded from central-https: https://repo.maven.apache.org/maven2/org/apache/commons/commons-parent/34/commons-parent-34.pom (56 kB at 302 kB/s)
[INFO] Downloading from central-https: https://repo.maven.apache.org/maven2/org/apache/apache/13/apache-13.pom
[INFO] Downloaded from central-https: https://repo.maven.apache.org/maven2/org/apache/apache/13/apache-13.pom (14 kB at 78 kB/s)
[INFO] Downloading from central-https: https://repo.maven.apache.org/maven2/commons-cli/commons-cli/1.4/commons-cli-1.4.pom
[INFO] Downloaded from central-https: https://repo.maven.apache.org/maven2/commons-cli/commons-cli/1.4/commons-cli-1.4.pom (11 kB at 59 kB/s)
[INFO] Downloading from central-https: https://repo.maven.apache.org/maven2/net/sf/saxon/Saxon-HE/9.8.0-4/Saxon-HE-9.8.0-4.pom
[INFO] Downloaded from central-https: https://repo.maven.apache.org/maven2/net/sf/saxon/Saxon-HE/9.8.0-4/Saxon-HE-9.8.0-4.pom (3.4 kB at 18 kB/s)
[INFO] Downloading from central-https: https://repo.maven.apache.org/maven2/io/springfox/springfox-swagger2/2.9.2/springfox-swagger2-2.9.2.pom
[INFO] Downloaded from central-https: https://repo.maven.apache.org/maven2/io/springfox/springfox-swagger2/2.9.2/springfox-swagger2-2.9.2.pom (5.6 kB at 30 kB/s)
[INFO] Downloading from central-https: https://repo.maven.apache.org/maven2/io/springfox/springfox-spi/2.9.2/springfox-spi-2.9.2.pom
[INFO] Downloaded from central-https: https://repo.maven.apache.org/maven2/io/springfox/springfox-spi/2.9.2/springfox-spi-2.9.2.pom (1.9 kB at 10 kB/s)
[INFO] Downloading from central-https: https://repo.maven.apache.org/maven2/io/springfox/springfox-core/2.9.2/springfox-core-2.9.2.pom
[INFO] Downloaded from central-https: https://repo.maven.apache.org/maven2/io/springfox/springfox-core/2.9.2/springfox-core-2.9.2.pom (4.3 kB at 23 kB/s)
[INFO] Downloading from central-https: https://repo.maven.apache.org/maven2/org/springframework/plugin/spring-plugin-core/1.2.0.RELEASE/spring-plugin-core-1.2.0.RELEASE.pom
[INFO] Downloaded from central-https: https://repo.maven.apache.org/maven2/org/springframework/plugin/spring-plugin-core/1.2.0.RELEASE/spring-plugin-core-1.2.0.RELEASE.pom (1.4 kB at 7.2 kB/s)
[INFO] Downloading from central-https: https://repo.maven.apache.org/maven2/org/springframework/plugin/spring-plugin/1.2.0.RELEASE/spring-plugin-1.2.0.RELEASE.pom
[INFO] Downloaded from central-https: https://repo.maven.apache.org/maven2/org/springframework/plugin/spring-plugin/1.2.0.RELEASE/spring-plugin-1.2.0.RELEASE.pom (5.7 kB at 31 kB/s)
[INFO] Downloading from central-https: https://repo.maven.apache.org/maven2/org/springframework/plugin/spring-plugin-metadata/1.2.0.RELEASE/spring-plugin-metadata-1.2.0.RELEASE.pom
[INFO] Downloaded from central-https: https://repo.maven.apache.org/maven2/org/springframework/plugin/spring-plugin-metadata/1.2.0.RELEASE/spring-plugin-metadata-1.2.0.RELEASE.pom (803 B at 4.4 kB/s)
[INFO] Downloading from central-https: https://repo.maven.apache.org/maven2/io/springfox/springfox-schema/2.9.2/springfox-schema-2.9.2.pom
[INFO] Downloaded from central-https: https://repo.maven.apache.org/maven2/io/springfox/springfox-schema/2.9.2/springfox-schema-2.9.2.pom (2.0 kB at 11 kB/s)
[INFO] Downloading from central-https: https://repo.maven.apache.org/maven2/io/springfox/springfox-swagger-common/2.9.2/springfox-swagger-common-2.9.2.pom
[INFO] Downloaded from central-https: https://repo.maven.apache.org/maven2/io/springfox/springfox-swagger-common/2.9.2/springfox-swagger-common-2.9.2.pom (5.1 kB at 28 kB/s)
[INFO] Downloading from central-https: https://repo.maven.apache.org/maven2/io/springfox/springfox-spring-web/2.9.2/springfox-spring-web-2.9.2.pom
[INFO] Downloaded from central-https: https://repo.maven.apache.org/maven2/io/springfox/springfox-spring-web/2.9.2/springfox-spring-web-2.9.2.pom (4.5 kB at 25 kB/s)
[INFO] Downloading from central-https: https://repo.maven.apache.org/maven2/org/mapstruct/mapstruct/1.2.0.Final/mapstruct-1.2.0.Final.pom
[INFO] Downloaded from central-https: https://repo.maven.apache.org/maven2/org/mapstruct/mapstruct/1.2.0.Final/mapstruct-1.2.0.Final.pom (6.6 kB at 36 kB/s)
[INFO] Downloading from central-https: https://repo.maven.apache.org/maven2/org/mapstruct/mapstruct-parent/1.2.0.Final/mapstruct-parent-1.2.0.Final.pom
[INFO] Downloaded from central-https: https://repo.maven.apache.org/maven2/org/mapstruct/mapstruct-parent/1.2.0.Final/mapstruct-parent-1.2.0.Final.pom (32 kB at 177 kB/s)
[INFO] Downloading from central-https: https://repo.maven.apache.org/maven2/org/jboss/arquillian/arquillian-bom/1.0.2.Final/arquillian-bom-1.0.2.Final.pom
[INFO] Downloaded from central-https: https://repo.maven.apache.org/maven2/org/jboss/arquillian/arquillian-bom/1.0.2.Final/arquillian-bom-1.0.2.Final.pom (11 kB at 58 kB/s)
[INFO] Downloading from central-https: https://repo.maven.apache.org/maven2/org/jboss/shrinkwrap/shrinkwrap-bom/1.0.1/shrinkwrap-bom-1.0.1.pom
[INFO] Downloaded from central-https: https://repo.maven.apache.org/maven2/org/jboss/shrinkwrap/shrinkwrap-bom/1.0.1/shrinkwrap-bom-1.0.1.pom (3.2 kB at 17 kB/s)
[INFO] Downloading from central-https: https://repo.maven.apache.org/maven2/org/jboss/shrinkwrap/resolver/shrinkwrap-resolver-bom/1.0.0-beta-7/shrinkwrap-resolver-bom-1.0.0-beta-7.pom
[INFO] Downloaded from central-https: https://repo.maven.apache.org/maven2/org/jboss/shrinkwrap/resolver/shrinkwrap-resolver-bom/1.0.0-beta-7/shrinkwrap-resolver-bom-1.0.0-beta-7.pom (3.3 kB at 17 kB/s)
[INFO] Downloading from central-https: https://repo.maven.apache.org/maven2/org/jboss/shrinkwrap/descriptors/shrinkwrap-descriptors-bom/2.0.0-alpha-3/shrinkwrap-descriptors-bom-2.0.0-alpha-3.pom
[INFO] Downloaded from central-https: https://repo.maven.apache.org/maven2/org/jboss/shrinkwrap/descriptors/shrinkwrap-descriptors-bom/2.0.0-alpha-3/shrinkwrap-descriptors-bom-2.0.0-alpha-3.pom (4.4 kB at 24 kB/s)
[INFO] Downloading from central-https: https://repo.maven.apache.org/maven2/io/springfox/springfox-swagger-ui/2.9.2/springfox-swagger-ui-2.9.2.pom
[INFO] Downloaded from central-https: https://repo.maven.apache.org/maven2/io/springfox/springfox-swagger-ui/2.9.2/springfox-swagger-ui-2.9.2.pom (1.9 kB at 10 kB/s)
[INFO] Downloading from central-https: https://repo.maven.apache.org/maven2/com/google/guava/guava/20.0/guava-20.0.pom
[INFO] Downloaded from central-https: https://repo.maven.apache.org/maven2/com/google/guava/guava/20.0/guava-20.0.pom (6.8 kB at 36 kB/s)
[INFO] Downloading from central-https: https://repo.maven.apache.org/maven2/com/google/guava/guava-parent/20.0/guava-parent-20.0.pom
[INFO] Downloaded from central-https: https://repo.maven.apache.org/maven2/com/google/guava/guava-parent/20.0/guava-parent-20.0.pom (9.9 kB at 55 kB/s)
[INFO] Downloading from central-https: https://repo.maven.apache.org/maven2/com/github/xiaoymin/swagger-bootstrap-ui/1.9.3/swagger-bootstrap-ui-1.9.3.pom
[INFO] Downloaded from central-https: https://repo.maven.apache.org/maven2/com/github/xiaoymin/swagger-bootstrap-ui/1.9.3/swagger-bootstrap-ui-1.9.3.pom (7.9 kB at 42 kB/s)
[INFO] Downloading from central-https: https://repo.maven.apache.org/maven2/io/springfox/springfox-bean-validators/2.9.2/springfox-bean-validators-2.9.2.pom
[INFO] Downloaded from central-https: https://repo.maven.apache.org/maven2/io/springfox/springfox-bean-validators/2.9.2/springfox-bean-validators-2.9.2.pom (3.8 kB at 21 kB/s)
[INFO] Downloading from central-https: https://repo.maven.apache.org/maven2/io/swagger/swagger-annotations/1.5.22/swagger-annotations-1.5.22.pom
[INFO] Downloaded from central-https: https://repo.maven.apache.org/maven2/io/swagger/swagger-annotations/1.5.22/swagger-annotations-1.5.22.pom (6.2 kB at 32 kB/s)
[INFO] Downloading from central-https: https://repo.maven.apache.org/maven2/io/swagger/swagger-project/1.5.22/swagger-project-1.5.22.pom
[INFO] Downloaded from central-https: https://repo.maven.apache.org/maven2/io/swagger/swagger-project/1.5.22/swagger-project-1.5.22.pom (26 kB at 140 kB/s)
[INFO] Downloading from central-https: https://repo.maven.apache.org/maven2/org/sonatype/oss/oss-parent/5/oss-parent-5.pom
[INFO] Downloaded from central-https: https://repo.maven.apache.org/maven2/org/sonatype/oss/oss-parent/5/oss-parent-5.pom (4.1 kB at 22 kB/s)
[INFO] Downloading from central-https: https://repo.maven.apache.org/maven2/io/swagger/swagger-models/1.5.22/swagger-models-1.5.22.pom
[INFO] Downloaded from central-https: https://repo.maven.apache.org/maven2/io/swagger/swagger-models/1.5.22/swagger-models-1.5.22.pom (4.5 kB at 25 kB/s)
[INFO] Downloading from central-https: https://repo.maven.apache.org/maven2/org/springframework/boot/spring-boot-starter-data-redis/2.1.3.RELEASE/spring-boot-starter-data-redis-2.1.3.RELEASE.pom
[INFO] Downloaded from central-https: https://repo.maven.apache.org/maven2/org/springframework/boot/spring-boot-starter-data-redis/2.1.3.RELEASE/spring-boot-starter-data-redis-2.1.3.RELEASE.pom (2.8 kB at 15 kB/s)
[INFO] Downloading from central-https: https://repo.maven.apache.org/maven2/org/springframework/data/spring-data-redis/2.1.5.RELEASE/spring-data-redis-2.1.5.RELEASE.pom
[INFO] Downloaded from central-https: https://repo.maven.apache.org/maven2/org/springframework/data/spring-data-redis/2.1.5.RELEASE/spring-data-redis-2.1.5.RELEASE.pom (6.9 kB at 38 kB/s)
[INFO] Downloading from central-https: https://repo.maven.apache.org/maven2/org/springframework/data/build/spring-data-parent/2.1.5.RELEASE/spring-data-parent-2.1.5.RELEASE.pom
[INFO] Downloaded from central-https: https://repo.maven.apache.org/maven2/org/springframework/data/build/spring-data-parent/2.1.5.RELEASE/spring-data-parent-2.1.5.RELEASE.pom (29 kB at 155 kB/s)
[INFO] Downloading from central-https: https://repo.maven.apache.org/maven2/org/springframework/data/spring-data-keyvalue/2.1.5.RELEASE/spring-data-keyvalue-2.1.5.RELEASE.pom
[INFO] Downloaded from central-https: https://repo.maven.apache.org/maven2/org/springframework/data/spring-data-keyvalue/2.1.5.RELEASE/spring-data-keyvalue-2.1.5.RELEASE.pom (3.6 kB at 20 kB/s)
[INFO] Downloading from central-https: https://repo.maven.apache.org/maven2/org/springframework/data/spring-data-commons/2.1.5.RELEASE/spring-data-commons-2.1.5.RELEASE.pom
[INFO] Downloaded from central-https: https://repo.maven.apache.org/maven2/org/springframework/data/spring-data-commons/2.1.5.RELEASE/spring-data-commons-2.1.5.RELEASE.pom (10 kB at 56 kB/s)
[INFO] Downloading from central-https: https://repo.maven.apache.org/maven2/org/springframework/spring-oxm/5.1.5.RELEASE/spring-oxm-5.1.5.RELEASE.pom
[INFO] Downloaded from central-https: https://repo.maven.apache.org/maven2/org/springframework/spring-oxm/5.1.5.RELEASE/spring-oxm-5.1.5.RELEASE.pom (3.7 kB at 19 kB/s)
[INFO] Downloading from central-https: https://repo.maven.apache.org/maven2/io/lettuce/lettuce-core/5.1.4.RELEASE/lettuce-core-5.1.4.RELEASE.pom
[INFO] Downloaded from central-https: https://repo.maven.apache.org/maven2/io/lettuce/lettuce-core/5.1.4.RELEASE/lettuce-core-5.1.4.RELEASE.pom (37 kB at 202 kB/s)
[INFO] Downloading from central-https: https://repo.maven.apache.org/maven2/org/springframework/spring-framework-bom/4.3.20.RELEASE/spring-framework-bom-4.3.20.RELEASE.pom
[INFO] Downloaded from central-https: https://repo.maven.apache.org/maven2/org/springframework/spring-framework-bom/4.3.20.RELEASE/spring-framework-bom-4.3.20.RELEASE.pom (5.1 kB at 27 kB/s)
[INFO] Downloading from central-https: https://repo.maven.apache.org/maven2/io/zipkin/brave/brave-bom/5.2.0/brave-bom-5.2.0.pom
[INFO] Downloaded from central-https: https://repo.maven.apache.org/maven2/io/zipkin/brave/brave-bom/5.2.0/brave-bom-5.2.0.pom (8.2 kB at 44 kB/s)
[INFO] Downloading from central-https: https://repo.maven.apache.org/maven2/io/zipkin/reporter2/zipkin-reporter-bom/2.7.7/zipkin-reporter-bom-2.7.7.pom
[INFO] Downloaded from central-https: https://repo.maven.apache.org/maven2/io/zipkin/reporter2/zipkin-reporter-bom/2.7.7/zipkin-reporter-bom-2.7.7.pom (4.4 kB at 23 kB/s)
[INFO] Downloading from central-https: https://repo.maven.apache.org/maven2/org/junit/junit-bom/5.4.0/junit-bom-5.4.0.pom
[INFO] Downloaded from central-https: https://repo.maven.apache.org/maven2/org/junit/junit-bom/5.4.0/junit-bom-5.4.0.pom (4.4 kB at 24 kB/s)
[INFO] Downloading from central-https: https://repo.maven.apache.org/maven2/io/netty/netty-common/4.1.33.Final/netty-common-4.1.33.Final.pom
[INFO] Downloaded from central-https: https://repo.maven.apache.org/maven2/io/netty/netty-common/4.1.33.Final/netty-common-4.1.33.Final.pom (8.6 kB at 47 kB/s)
[INFO] Downloading from central-https: https://repo.maven.apache.org/maven2/io/netty/netty-parent/4.1.33.Final/netty-parent-4.1.33.Final.pom
[INFO] Downloaded from central-https: https://repo.maven.apache.org/maven2/io/netty/netty-parent/4.1.33.Final/netty-parent-4.1.33.Final.pom (56 kB at 299 kB/s)
[INFO] Downloading from central-https: https://repo.maven.apache.org/maven2/io/netty/netty-handler/4.1.33.Final/netty-handler-4.1.33.Final.pom
[INFO] Downloaded from central-https: https://repo.maven.apache.org/maven2/io/netty/netty-handler/4.1.33.Final/netty-handler-4.1.33.Final.pom (3.1 kB at 17 kB/s)
[INFO] Downloading from central-https: https://repo.maven.apache.org/maven2/io/netty/netty-buffer/4.1.33.Final/netty-buffer-4.1.33.Final.pom
[INFO] Downloaded from central-https: https://repo.maven.apache.org/maven2/io/netty/netty-buffer/4.1.33.Final/netty-buffer-4.1.33.Final.pom (1.6 kB at 8.7 kB/s)
[INFO] Downloading from central-https: https://repo.maven.apache.org/maven2/io/netty/netty-transport/4.1.33.Final/netty-transport-4.1.33.Final.pom
[INFO] Downloaded from central-https: https://repo.maven.apache.org/maven2/io/netty/netty-transport/4.1.33.Final/netty-transport-4.1.33.Final.pom (1.9 kB at 11 kB/s)
[INFO] Downloading from central-https: https://repo.maven.apache.org/maven2/io/netty/netty-resolver/4.1.33.Final/netty-resolver-4.1.33.Final.pom
[INFO] Downloaded from central-https: https://repo.maven.apache.org/maven2/io/netty/netty-resolver/4.1.33.Final/netty-resolver-4.1.33.Final.pom (1.6 kB at 8.3 kB/s)
[INFO] Downloading from central-https: https://repo.maven.apache.org/maven2/io/netty/netty-codec/4.1.33.Final/netty-codec-4.1.33.Final.pom
[INFO] Downloaded from central-https: https://repo.maven.apache.org/maven2/io/netty/netty-codec/4.1.33.Final/netty-codec-4.1.33.Final.pom (3.6 kB at 19 kB/s)
[INFO] Downloading from central-https: https://repo.maven.apache.org/maven2/io/projectreactor/reactor-core/3.2.6.RELEASE/reactor-core-3.2.6.RELEASE.pom
[INFO] Downloaded from central-https: https://repo.maven.apache.org/maven2/io/projectreactor/reactor-core/3.2.6.RELEASE/reactor-core-3.2.6.RELEASE.pom (3.1 kB at 17 kB/s)
[INFO] Downloading from central-https: https://repo.maven.apache.org/maven2/org/reactivestreams/reactive-streams/1.0.2/reactive-streams-1.0.2.pom
[INFO] Downloaded from central-https: https://repo.maven.apache.org/maven2/org/reactivestreams/reactive-streams/1.0.2/reactive-streams-1.0.2.pom (1.2 kB at 6.2 kB/s)
[INFO] Downloading from central-https: https://repo.maven.apache.org/maven2/org/jeecgframework/boot/codegenerate/1.2.0/codegenerate-1.2.0.pom
[INFO] Downloading from jeecg: https://maven.jeecg.org/nexus/content/repositories/jeecg/org/jeecgframework/boot/codegenerate/1.2.0/codegenerate-1.2.0.pom
[INFO] Downloaded from jeecg: https://maven.jeecg.org/nexus/content/repositories/jeecg/org/jeecgframework/boot/codegenerate/1.2.0/codegenerate-1.2.0.pom (408 B at 29 kB/s)
[INFO] Downloading from central-https: https://repo.maven.apache.org/maven2/org/jeecgframework/autopoi-web/1.1.1/autopoi-web-1.1.1.pom
[INFO] Downloading from jeecg: https://maven.jeecg.org/nexus/content/repositories/jeecg/org/jeecgframework/autopoi-web/1.1.1/autopoi-web-1.1.1.pom
[INFO] Downloaded from jeecg: https://maven.jeecg.org/nexus/content/repositories/jeecg/org/jeecgframework/autopoi-web/1.1.1/autopoi-web-1.1.1.pom (958 B at 74 kB/s)
[INFO] Downloading from central-https: https://repo.maven.apache.org/maven2/org/jeecgframework/autopoi-parent/1.1.1/autopoi-parent-1.1.1.pom
[INFO] Downloading from jeecg: https://maven.jeecg.org/nexus/content/repositories/jeecg/org/jeecgframework/autopoi-parent/1.1.1/autopoi-parent-1.1.1.pom
[INFO] Downloaded from jeecg: https://maven.jeecg.org/nexus/content/repositories/jeecg/org/jeecgframework/autopoi-parent/1.1.1/autopoi-parent-1.1.1.pom (5.2 kB at 398 kB/s)
[INFO] Downloading from central-https: https://repo.maven.apache.org/maven2/org/jeecgframework/autopoi/1.1.1/autopoi-1.1.1.pom
[INFO] Downloading from jeecg: https://maven.jeecg.org/nexus/content/repositories/jeecg/org/jeecgframework/autopoi/1.1.1/autopoi-1.1.1.pom
[INFO] Downloaded from jeecg: https://maven.jeecg.org/nexus/content/repositories/jeecg/org/jeecgframework/autopoi/1.1.1/autopoi-1.1.1.pom (1.8 kB at 184 kB/s)
[INFO] Downloading from central-https: https://repo.maven.apache.org/maven2/org/apache/poi/poi/3.9/poi-3.9.pom
[INFO] Downloaded from central-https: https://repo.maven.apache.org/maven2/org/apache/poi/poi/3.9/poi-3.9.pom (2.8 kB at 15 kB/s)
[INFO] Downloading from central-https: https://repo.maven.apache.org/maven2/org/apache/poi/poi-ooxml/3.9/poi-ooxml-3.9.pom
[INFO] Downloaded from central-https: https://repo.maven.apache.org/maven2/org/apache/poi/poi-ooxml/3.9/poi-ooxml-3.9.pom (2.7 kB at 15 kB/s)
[INFO] Downloading from central-https: https://repo.maven.apache.org/maven2/org/apache/poi/poi-ooxml-schemas/3.9/poi-ooxml-schemas-3.9.pom
[INFO] Downloaded from central-https: https://repo.maven.apache.org/maven2/org/apache/poi/poi-ooxml-schemas/3.9/poi-ooxml-schemas-3.9.pom (2.4 kB at 13 kB/s)
[INFO] Downloading from central-https: https://repo.maven.apache.org/maven2/org/apache/xmlbeans/xmlbeans/2.3.0/xmlbeans-2.3.0.pom
[INFO] Downloaded from central-https: https://repo.maven.apache.org/maven2/org/apache/xmlbeans/xmlbeans/2.3.0/xmlbeans-2.3.0.pom (5.0 kB at 27 kB/s)
[INFO] Downloading from central-https: https://repo.maven.apache.org/maven2/stax/stax-api/1.0.1/stax-api-1.0.1.pom
[INFO] Downloaded from central-https: https://repo.maven.apache.org/maven2/stax/stax-api/1.0.1/stax-api-1.0.1.pom (1.5 kB at 8.3 kB/s)
[INFO] Downloading from central-https: https://repo.maven.apache.org/maven2/dom4j/dom4j/1.6.1/dom4j-1.6.1.pom
[INFO] Downloaded from central-https: https://repo.maven.apache.org/maven2/dom4j/dom4j/1.6.1/dom4j-1.6.1.pom (6.8 kB at 37 kB/s)
[INFO] Downloading from central-https: https://repo.maven.apache.org/maven2/xerces/xercesImpl/2.9.1/xercesImpl-2.9.1.pom
[INFO] Downloaded from central-https: https://repo.maven.apache.org/maven2/xerces/xercesImpl/2.9.1/xercesImpl-2.9.1.pom (1.4 kB at 7.5 kB/s)
[INFO] Downloading from central-https: https://repo.maven.apache.org/maven2/org/apache/apache/4/apache-4.pom
[INFO] Downloaded from central-https: https://repo.maven.apache.org/maven2/org/apache/apache/4/apache-4.pom (4.5 kB at 25 kB/s)
[INFO] Downloading from central-https: https://repo.maven.apache.org/maven2/xml-apis/xml-apis/1.4.01/xml-apis-1.4.01.pom
[INFO] Downloaded from central-https: https://repo.maven.apache.org/maven2/xml-apis/xml-apis/1.4.01/xml-apis-1.4.01.pom (2.7 kB at 14 kB/s)
[INFO] Downloading from central-https: https://repo.maven.apache.org/maven2/org/apache/poi/poi-scratchpad/3.9/poi-scratchpad-3.9.pom
[INFO] Downloaded from central-https: https://repo.maven.apache.org/maven2/org/apache/poi/poi-scratchpad/3.9/poi-scratchpad-3.9.pom (2.4 kB at 13 kB/s)
[INFO] Downloading from central-https: https://repo.maven.apache.org/maven2/com/google/guava/guava/26.0-jre/guava-26.0-jre.pom
[INFO] Downloaded from central-https: https://repo.maven.apache.org/maven2/com/google/guava/guava/26.0-jre/guava-26.0-jre.pom (7.8 kB at 43 kB/s)
[INFO] Downloading from central-https: https://repo.maven.apache.org/maven2/com/google/guava/guava-parent/26.0-jre/guava-parent-26.0-jre.pom
[INFO] Downloaded from central-https: https://repo.maven.apache.org/maven2/com/google/guava/guava-parent/26.0-jre/guava-parent-26.0-jre.pom (10 kB at 56 kB/s)
[INFO] Downloading from central-https: https://repo.maven.apache.org/maven2/com/google/code/findbugs/jsr305/3.0.2/jsr305-3.0.2.pom
[INFO] Downloaded from central-https: https://repo.maven.apache.org/maven2/com/google/code/findbugs/jsr305/3.0.2/jsr305-3.0.2.pom (4.3 kB at 24 kB/s)
[INFO] Downloading from central-https: https://repo.maven.apache.org/maven2/org/checkerframework/checker-qual/2.5.2/checker-qual-2.5.2.pom
[INFO] Downloaded from central-https: https://repo.maven.apache.org/maven2/org/checkerframework/checker-qual/2.5.2/checker-qual-2.5.2.pom (2.5 kB at 14 kB/s)
[INFO] Downloading from central-https: https://repo.maven.apache.org/maven2/com/google/errorprone/error_prone_annotations/2.1.3/error_prone_annotations-2.1.3.pom
[INFO] Downloaded from central-https: https://repo.maven.apache.org/maven2/com/google/errorprone/error_prone_annotations/2.1.3/error_prone_annotations-2.1.3.pom (1.8 kB at 9.8 kB/s)
[INFO] Downloading from central-https: https://repo.maven.apache.org/maven2/com/google/errorprone/error_prone_parent/2.1.3/error_prone_parent-2.1.3.pom
[INFO] Downloaded from central-https: https://repo.maven.apache.org/maven2/com/google/errorprone/error_prone_parent/2.1.3/error_prone_parent-2.1.3.pom (5.1 kB at 29 kB/s)
[INFO] Downloading from central-https: https://repo.maven.apache.org/maven2/com/google/j2objc/j2objc-annotations/1.1/j2objc-annotations-1.1.pom
[INFO] Downloaded from central-https: https://repo.maven.apache.org/maven2/com/google/j2objc/j2objc-annotations/1.1/j2objc-annotations-1.1.pom (2.8 kB at 15 kB/s)
[INFO] Downloading from central-https: https://repo.maven.apache.org/maven2/org/codehaus/mojo/animal-sniffer-annotations/1.14/animal-sniffer-annotations-1.14.pom
[INFO] Downloaded from central-https: https://repo.maven.apache.org/maven2/org/codehaus/mojo/animal-sniffer-annotations/1.14/animal-sniffer-annotations-1.14.pom (2.5 kB at 14 kB/s)
[INFO] Downloading from central-https: https://repo.maven.apache.org/maven2/org/codehaus/mojo/animal-sniffer-parent/1.14/animal-sniffer-parent-1.14.pom
[INFO] Downloaded from central-https: https://repo.maven.apache.org/maven2/org/codehaus/mojo/animal-sniffer-parent/1.14/animal-sniffer-parent-1.14.pom (4.4 kB at 25 kB/s)
[INFO] Downloading from central-https: https://repo.maven.apache.org/maven2/org/codehaus/mojo/mojo-parent/34/mojo-parent-34.pom
[INFO] Downloaded from central-https: https://repo.maven.apache.org/maven2/org/codehaus/mojo/mojo-parent/34/mojo-parent-34.pom (24 kB at 135 kB/s)
[INFO] Downloading from central-https: https://repo.maven.apache.org/maven2/org/codehaus/codehaus-parent/4/codehaus-parent-4.pom
[INFO] Downloaded from central-https: https://repo.maven.apache.org/maven2/org/codehaus/codehaus-parent/4/codehaus-parent-4.pom (4.8 kB at 27 kB/s)
[INFO] Downloading from central-https: https://repo.maven.apache.org/maven2/org/apache/commons/commons-lang3/3.8.1/commons-lang3-3.8.1.pom
[INFO] Downloaded from central-https: https://repo.maven.apache.org/maven2/org/apache/commons/commons-lang3/3.8.1/commons-lang3-3.8.1.pom (28 kB at 155 kB/s)
[INFO] Downloading from central-https: https://repo.maven.apache.org/maven2/cn/hutool/hutool-all/4.5.11/hutool-all-4.5.11.pom
[INFO] Downloaded from central-https: https://repo.maven.apache.org/maven2/cn/hutool/hutool-all/4.5.11/hutool-all-4.5.11.pom (1.7 kB at 9.1 kB/s)
[INFO] Downloading from central-https: https://repo.maven.apache.org/maven2/cn/hutool/hutool-parent/4.5.11/hutool-parent-4.5.11.pom
[INFO] Downloaded from central-https: https://repo.maven.apache.org/maven2/cn/hutool/hutool-parent/4.5.11/hutool-parent-4.5.11.pom (4.7 kB at 26 kB/s)
[INFO] Downloading from central-https: https://repo.maven.apache.org/maven2/io/minio/minio/4.0.0/minio-4.0.0.pom
[INFO] Downloaded from central-https: https://repo.maven.apache.org/maven2/io/minio/minio/4.0.0/minio-4.0.0.pom (3.4 kB at 10 kB/s)
[INFO] Downloading from central-https: https://repo.maven.apache.org/maven2/com/google/http-client/google-http-client-xml/1.20.0/google-http-client-xml-1.20.0.pom
[INFO] Downloaded from central-https: https://repo.maven.apache.org/maven2/com/google/http-client/google-http-client-xml/1.20.0/google-http-client-xml-1.20.0.pom (2.5 kB at 14 kB/s)
[INFO] Downloading from central-https: https://repo.maven.apache.org/maven2/com/google/http-client/google-http-client-parent/1.20.0/google-http-client-parent-1.20.0.pom
[INFO] Downloaded from central-https: https://repo.maven.apache.org/maven2/com/google/http-client/google-http-client-parent/1.20.0/google-http-client-parent-1.20.0.pom (22 kB at 120 kB/s)
[INFO] Downloading from central-https: https://repo.maven.apache.org/maven2/com/google/http-client/google-http-client/1.20.0/google-http-client-1.20.0.pom
[INFO] Downloaded from central-https: https://repo.maven.apache.org/maven2/com/google/http-client/google-http-client/1.20.0/google-http-client-1.20.0.pom (5.1 kB at 28 kB/s)
[INFO] Downloading from central-https: https://repo.maven.apache.org/maven2/org/apache/httpcomponents/httpclient/4.5.7/httpclient-4.5.7.pom
[INFO] Downloaded from central-https: https://repo.maven.apache.org/maven2/org/apache/httpcomponents/httpclient/4.5.7/httpclient-4.5.7.pom (6.6 kB at 36 kB/s)
[INFO] Downloading from central-https: https://repo.maven.apache.org/maven2/org/apache/httpcomponents/httpcomponents-client/4.5.7/httpcomponents-client-4.5.7.pom
[INFO] Downloaded from central-https: https://repo.maven.apache.org/maven2/org/apache/httpcomponents/httpcomponents-client/4.5.7/httpcomponents-client-4.5.7.pom (16 kB at 90 kB/s)
[INFO] Downloading from central-https: https://repo.maven.apache.org/maven2/org/apache/httpcomponents/httpcomponents-parent/11/httpcomponents-parent-11.pom
[INFO] Downloaded from central-https: https://repo.maven.apache.org/maven2/org/apache/httpcomponents/httpcomponents-parent/11/httpcomponents-parent-11.pom (35 kB at 192 kB/s)
[INFO] Downloading from central-https: https://repo.maven.apache.org/maven2/org/apache/httpcomponents/httpcore/4.4.11/httpcore-4.4.11.pom
[INFO] Downloaded from central-https: https://repo.maven.apache.org/maven2/org/apache/httpcomponents/httpcore/4.4.11/httpcore-4.4.11.pom (5.2 kB at 28 kB/s)
[INFO] Downloading from central-https: https://repo.maven.apache.org/maven2/org/apache/httpcomponents/httpcomponents-core/4.4.11/httpcomponents-core-4.4.11.pom
[INFO] Downloaded from central-https: https://repo.maven.apache.org/maven2/org/apache/httpcomponents/httpcomponents-core/4.4.11/httpcomponents-core-4.4.11.pom (13 kB at 71 kB/s)
[INFO] Downloading from central-https: https://repo.maven.apache.org/maven2/xpp3/xpp3/1.1.4c/xpp3-1.1.4c.pom
[INFO] Downloaded from central-https: https://repo.maven.apache.org/maven2/xpp3/xpp3/1.1.4c/xpp3-1.1.4c.pom (2.1 kB at 12 kB/s)
[INFO] Downloading from central-https: https://repo.maven.apache.org/maven2/com/squareup/okhttp3/okhttp/3.7.0/okhttp-3.7.0.pom
[INFO] Downloaded from central-https: https://repo.maven.apache.org/maven2/com/squareup/okhttp3/okhttp/3.7.0/okhttp-3.7.0.pom (1.5 kB at 8.2 kB/s)
[INFO] Downloading from central-https: https://repo.maven.apache.org/maven2/com/squareup/okhttp3/parent/3.7.0/parent-3.7.0.pom
[INFO] Downloaded from central-https: https://repo.maven.apache.org/maven2/com/squareup/okhttp3/parent/3.7.0/parent-3.7.0.pom (16 kB at 89 kB/s)
[INFO] Downloading from central-https: https://repo.maven.apache.org/maven2/com/squareup/okio/okio/1.12.0/okio-1.12.0.pom
[INFO] Downloaded from central-https: https://repo.maven.apache.org/maven2/com/squareup/okio/okio/1.12.0/okio-1.12.0.pom (1.5 kB at 7.9 kB/s)
[INFO] Downloading from central-https: https://repo.maven.apache.org/maven2/com/squareup/okio/okio-parent/1.12.0/okio-parent-1.12.0.pom
[INFO] Downloaded from central-https: https://repo.maven.apache.org/maven2/com/squareup/okio/okio-parent/1.12.0/okio-parent-1.12.0.pom (3.8 kB at 21 kB/s)
[INFO] Downloading from central-https: https://repo.maven.apache.org/maven2/joda-time/joda-time/2.10.1/joda-time-2.10.1.pom
[INFO] Downloaded from central-https: https://repo.maven.apache.org/maven2/joda-time/joda-time/2.10.1/joda-time-2.10.1.pom (37 kB at 202 kB/s)
[INFO] Downloading from central-https: https://repo.maven.apache.org/maven2/com/google/code/findbugs/annotations/3.0.1/annotations-3.0.1.pom
[INFO] Downloaded from central-https: https://repo.maven.apache.org/maven2/com/google/code/findbugs/annotations/3.0.1/annotations-3.0.1.pom (7.8 kB at 43 kB/s)
[INFO] Downloading from central-https: https://repo.maven.apache.org/maven2/net/jcip/jcip-annotations/1.0/jcip-annotations-1.0.pom
[INFO] Downloaded from central-https: https://repo.maven.apache.org/maven2/net/jcip/jcip-annotations/1.0/jcip-annotations-1.0.pom (491 B at 2.6 kB/s)
[INFO] Downloading from central-https: https://repo.maven.apache.org/maven2/com/google/guava/guava/30.0-jre/guava-30.0-jre.pom
[INFO] Downloaded from central-https: https://repo.maven.apache.org/maven2/com/google/guava/guava/30.0-jre/guava-30.0-jre.pom (11 kB at 60 kB/s)
[INFO] Downloading from central-https: https://repo.maven.apache.org/maven2/com/google/guava/guava-parent/30.0-jre/guava-parent-30.0-jre.pom
[INFO] Downloaded from central-https: https://repo.maven.apache.org/maven2/com/google/guava/guava-parent/30.0-jre/guava-parent-30.0-jre.pom (13 kB at 73 kB/s)
[INFO] Downloading from central-https: https://repo.maven.apache.org/maven2/com/google/guava/failureaccess/1.0.1/failureaccess-1.0.1.pom
[INFO] Downloaded from central-https: https://repo.maven.apache.org/maven2/com/google/guava/failureaccess/1.0.1/failureaccess-1.0.1.pom (2.4 kB at 14 kB/s)
[INFO] Downloading from central-https: https://repo.maven.apache.org/maven2/com/google/guava/guava-parent/26.0-android/guava-parent-26.0-android.pom
[INFO] Downloaded from central-https: https://repo.maven.apache.org/maven2/com/google/guava/guava-parent/26.0-android/guava-parent-26.0-android.pom (10 kB at 58 kB/s)
[INFO] Downloading from central-https: https://repo.maven.apache.org/maven2/com/google/guava/listenablefuture/9999.0-empty-to-avoid-conflict-with-guava/listenablefuture-9999.0-empty-to-avoid-conflict-with-guava.pom
[INFO] Downloaded from central-https: https://repo.maven.apache.org/maven2/com/google/guava/listenablefuture/9999.0-empty-to-avoid-conflict-with-guava/listenablefuture-9999.0-empty-to-avoid-conflict-with-guava.pom (2.3 kB at 13 kB/s)
[INFO] Downloading from central-https: https://repo.maven.apache.org/maven2/com/google/errorprone/error_prone_annotations/2.3.4/error_prone_annotations-2.3.4.pom
[INFO] Downloaded from central-https: https://repo.maven.apache.org/maven2/com/google/errorprone/error_prone_annotations/2.3.4/error_prone_annotations-2.3.4.pom (2.1 kB at 12 kB/s)
[INFO] Downloading from central-https: https://repo.maven.apache.org/maven2/com/google/errorprone/error_prone_parent/2.3.4/error_prone_parent-2.3.4.pom
[INFO] Downloaded from central-https: https://repo.maven.apache.org/maven2/com/google/errorprone/error_prone_parent/2.3.4/error_prone_parent-2.3.4.pom (5.4 kB at 31 kB/s)
[INFO] Downloading from central-https: https://repo.maven.apache.org/maven2/com/google/j2objc/j2objc-annotations/1.3/j2objc-annotations-1.3.pom
[INFO] Downloaded from central-https: https://repo.maven.apache.org/maven2/com/google/j2objc/j2objc-annotations/1.3/j2objc-annotations-1.3.pom (2.8 kB at 16 kB/s)
[INFO] Downloading from central-https: https://repo.maven.apache.org/maven2/com/aliyun/aliyun-java-sdk-dysmsapi/1.0.0/aliyun-java-sdk-dysmsapi-1.0.0.pom
[INFO] Downloaded from central-https: https://repo.maven.apache.org/maven2/com/aliyun/aliyun-java-sdk-dysmsapi/1.0.0/aliyun-java-sdk-dysmsapi-1.0.0.pom (3.3 kB at 18 kB/s)
[INFO] Downloading from central-https: https://repo.maven.apache.org/maven2/org/springframework/boot/spring-boot-starter-websocket/2.1.3.RELEASE/spring-boot-starter-websocket-2.1.3.RELEASE.pom
[INFO] Downloaded from central-https: https://repo.maven.apache.org/maven2/org/springframework/boot/spring-boot-starter-websocket/2.1.3.RELEASE/spring-boot-starter-websocket-2.1.3.RELEASE.pom (2.6 kB at 15 kB/s)
[INFO] Downloading from central-https: https://repo.maven.apache.org/maven2/org/springframework/spring-messaging/5.1.5.RELEASE/spring-messaging-5.1.5.RELEASE.pom
[INFO] Downloaded from central-https: https://repo.maven.apache.org/maven2/org/springframework/spring-messaging/5.1.5.RELEASE/spring-messaging-5.1.5.RELEASE.pom (3.0 kB at 16 kB/s)
[INFO] Downloading from central-https: https://repo.maven.apache.org/maven2/org/springframework/spring-websocket/5.1.5.RELEASE/spring-websocket-5.1.5.RELEASE.pom
[INFO] Downloaded from central-https: https://repo.maven.apache.org/maven2/org/springframework/spring-websocket/5.1.5.RELEASE/spring-websocket-5.1.5.RELEASE.pom (6.2 kB at 35 kB/s)
[INFO] Downloading from central-https: https://repo.maven.apache.org/maven2/com/aliyun/oss/aliyun-sdk-oss/3.6.0/aliyun-sdk-oss-3.6.0.pom
[INFO] Downloaded from central-https: https://repo.maven.apache.org/maven2/com/aliyun/oss/aliyun-sdk-oss/3.6.0/aliyun-sdk-oss-3.6.0.pom (8.6 kB at 39 kB/s)
[INFO] Downloading from central-https: https://repo.maven.apache.org/maven2/org/jdom/jdom/1.1/jdom-1.1.pom
[INFO] Downloaded from central-https: https://repo.maven.apache.org/maven2/org/jdom/jdom/1.1/jdom-1.1.pom (2.2 kB at 12 kB/s)
[INFO] Downloading from central-https: https://repo.maven.apache.org/maven2/org/codehaus/jettison/jettison/1.1/jettison-1.1.pom
[INFO] Downloaded from central-https: https://repo.maven.apache.org/maven2/org/codehaus/jettison/jettison/1.1/jettison-1.1.pom (3.4 kB at 19 kB/s)
[INFO] Downloading from central-https: https://repo.maven.apache.org/maven2/com/aliyun/aliyun-java-sdk-core/3.4.0/aliyun-java-sdk-core-3.4.0.pom
[INFO] Downloaded from central-https: https://repo.maven.apache.org/maven2/com/aliyun/aliyun-java-sdk-core/3.4.0/aliyun-java-sdk-core-3.4.0.pom (3.4 kB at 19 kB/s)
[INFO] Downloading from central-https: https://repo.maven.apache.org/maven2/com/aliyun/aliyun-java-sdk-ram/3.0.0/aliyun-java-sdk-ram-3.0.0.pom
[INFO] Downloaded from central-https: https://repo.maven.apache.org/maven2/com/aliyun/aliyun-java-sdk-ram/3.0.0/aliyun-java-sdk-ram-3.0.0.pom (3.3 kB at 18 kB/s)
[INFO] Downloading from central-https: https://repo.maven.apache.org/maven2/com/aliyun/aliyun-java-sdk-sts/3.0.0/aliyun-java-sdk-sts-3.0.0.pom
[INFO] Downloaded from central-https: https://repo.maven.apache.org/maven2/com/aliyun/aliyun-java-sdk-sts/3.0.0/aliyun-java-sdk-sts-3.0.0.pom (3.3 kB at 18 kB/s)
[INFO] Downloading from central-https: https://repo.maven.apache.org/maven2/com/aliyun/aliyun-java-sdk-ecs/4.2.0/aliyun-java-sdk-ecs-4.2.0.pom
[INFO] Downloaded from central-https: https://repo.maven.apache.org/maven2/com/aliyun/aliyun-java-sdk-ecs/4.2.0/aliyun-java-sdk-ecs-4.2.0.pom (3.3 kB at 18 kB/s)
[INFO] Downloading from central-https: https://repo.maven.apache.org/maven2/net/dongliu/requests/4.18.1/requests-4.18.1.pom
[INFO] Downloaded from central-https: https://repo.maven.apache.org/maven2/net/dongliu/requests/4.18.1/requests-4.18.1.pom (6.6 kB at 16 kB/s)
[INFO] Downloading from central-https: https://repo.maven.apache.org/maven2/com/qiniu/qiniu-java-sdk/7.2.23/qiniu-java-sdk-7.2.23.pom
[INFO] Downloaded from central-https: https://repo.maven.apache.org/maven2/com/qiniu/qiniu-java-sdk/7.2.23/qiniu-java-sdk-7.2.23.pom (1.8 kB at 9.7 kB/s)
[INFO] Downloading from central-https: https://repo.maven.apache.org/maven2/com/squareup/okhttp3/okhttp/3.11.0/okhttp-3.11.0.pom
[INFO] Downloaded from central-https: https://repo.maven.apache.org/maven2/com/squareup/okhttp3/okhttp/3.11.0/okhttp-3.11.0.pom (2.3 kB at 13 kB/s)
[INFO] Downloading from central-https: https://repo.maven.apache.org/maven2/com/squareup/okhttp3/parent/3.11.0/parent-3.11.0.pom
[INFO] Downloaded from central-https: https://repo.maven.apache.org/maven2/com/squareup/okhttp3/parent/3.11.0/parent-3.11.0.pom (20 kB at 110 kB/s)
[INFO] Downloading from central-https: https://repo.maven.apache.org/maven2/com/squareup/okio/okio/1.14.0/okio-1.14.0.pom
[INFO] Downloaded from central-https: https://repo.maven.apache.org/maven2/com/squareup/okio/okio/1.14.0/okio-1.14.0.pom (2.0 kB at 11 kB/s)
[INFO] Downloading from central-https: https://repo.maven.apache.org/maven2/com/squareup/okio/okio-parent/1.14.0/okio-parent-1.14.0.pom
[INFO] Downloaded from central-https: https://repo.maven.apache.org/maven2/com/squareup/okio/okio-parent/1.14.0/okio-parent-1.14.0.pom (4.9 kB at 27 kB/s)
[INFO] Downloading from central-https: https://repo.maven.apache.org/maven2/com/google/code/gson/gson/2.8.5/gson-2.8.5.pom
[INFO] Downloaded from central-https: https://repo.maven.apache.org/maven2/com/google/code/gson/gson/2.8.5/gson-2.8.5.pom (2.5 kB at 14 kB/s)
[INFO] Downloading from central-https: https://repo.maven.apache.org/maven2/com/google/code/gson/gson-parent/2.8.5/gson-parent-2.8.5.pom
[INFO] Downloaded from central-https: https://repo.maven.apache.org/maven2/com/google/code/gson/gson-parent/2.8.5/gson-parent-2.8.5.pom (3.8 kB at 21 kB/s)
[INFO] Downloading from central-https: https://repo.maven.apache.org/maven2/com/github/liyiorg/weixin-popular/2.8.30/weixin-popular-2.8.30.pom
[INFO] Downloaded from central-https: https://repo.maven.apache.org/maven2/com/github/liyiorg/weixin-popular/2.8.30/weixin-popular-2.8.30.pom (7.7 kB at 42 kB/s)
[INFO] Downloading from central-https: https://repo.maven.apache.org/maven2/com/alibaba/fastjson/1.2.47/fastjson-1.2.47.pom
[INFO] Downloaded from central-https: https://repo.maven.apache.org/maven2/com/alibaba/fastjson/1.2.47/fastjson-1.2.47.pom (6.6 kB at 36 kB/s)
[INFO] Downloading from central-https: https://repo.maven.apache.org/maven2/org/apache/httpcomponents/httpmime/4.5.7/httpmime-4.5.7.pom
[INFO] Downloaded from central-https: https://repo.maven.apache.org/maven2/org/apache/httpcomponents/httpmime/4.5.7/httpmime-4.5.7.pom (5.2 kB at 29 kB/s)
[INFO] Downloading from central-https: https://repo.maven.apache.org/maven2/com/sun/xml/bind/jaxb-impl/2.1.12/jaxb-impl-2.1.12.pom
[INFO] Downloaded from central-https: https://repo.maven.apache.org/maven2/com/sun/xml/bind/jaxb-impl/2.1.12/jaxb-impl-2.1.12.pom (340 B at 1.8 kB/s)
[INFO] Downloading from central-https: https://repo.maven.apache.org/maven2/com/vdurmont/emoji-java/4.0.0/emoji-java-4.0.0.pom
[INFO] Downloaded from central-https: https://repo.maven.apache.org/maven2/com/vdurmont/emoji-java/4.0.0/emoji-java-4.0.0.pom (5.9 kB at 32 kB/s)
[INFO] Downloading from central-https: https://repo.maven.apache.org/maven2/org/json/json/20170516/json-20170516.pom
[INFO] Downloaded from central-https: https://repo.maven.apache.org/maven2/org/json/json/20170516/json-20170516.pom (5.7 kB at 32 kB/s)
[INFO] Downloading from central-https: https://repo.maven.apache.org/maven2/com/xkcoding/justauth/justauth-spring-boot-starter/1.3.2/justauth-spring-boot-starter-1.3.2.pom
[INFO] Downloaded from central-https: https://repo.maven.apache.org/maven2/com/xkcoding/justauth/justauth-spring-boot-starter/1.3.2/justauth-spring-boot-starter-1.3.2.pom (9.6 kB at 31 kB/s)
[INFO] Downloading from central-https: https://repo.maven.apache.org/maven2/org/springframework/boot/spring-boot-dependencies/2.1.8.RELEASE/spring-boot-dependencies-2.1.8.RELEASE.pom
[INFO] Downloaded from central-https: https://repo.maven.apache.org/maven2/org/springframework/boot/spring-boot-dependencies/2.1.8.RELEASE/spring-boot-dependencies-2.1.8.RELEASE.pom (122 kB at 650 kB/s)
[INFO] Downloading from central-https: https://repo.maven.apache.org/maven2/com/fasterxml/jackson/jackson-bom/2.9.9.20190807/jackson-bom-2.9.9.20190807.pom
[INFO] Downloaded from central-https: https://repo.maven.apache.org/maven2/com/fasterxml/jackson/jackson-bom/2.9.9.20190807/jackson-bom-2.9.9.20190807.pom (12 kB at 65 kB/s)
[INFO] Downloading from central-https: https://repo.maven.apache.org/maven2/io/netty/netty-bom/4.1.39.Final/netty-bom-4.1.39.Final.pom
[INFO] Downloaded from central-https: https://repo.maven.apache.org/maven2/io/netty/netty-bom/4.1.39.Final/netty-bom-4.1.39.Final.pom (7.9 kB at 44 kB/s)
[INFO] Downloading from central-https: https://repo.maven.apache.org/maven2/io/projectreactor/reactor-bom/Californium-SR11/reactor-bom-Californium-SR11.pom
[INFO] Downloaded from central-https: https://repo.maven.apache.org/maven2/io/projectreactor/reactor-bom/Californium-SR11/reactor-bom-Californium-SR11.pom (4.0 kB at 22 kB/s)
[INFO] Downloading from central-https: https://repo.maven.apache.org/maven2/org/eclipse/jetty/jetty-bom/9.4.19.v20190610/jetty-bom-9.4.19.v20190610.pom
[INFO] Downloaded from central-https: https://repo.maven.apache.org/maven2/org/eclipse/jetty/jetty-bom/9.4.19.v20190610/jetty-bom-9.4.19.v20190610.pom (18 kB at 94 kB/s)
[INFO] Downloading from central-https: https://repo.maven.apache.org/maven2/org/springframework/spring-framework-bom/5.1.9.RELEASE/spring-framework-bom-5.1.9.RELEASE.pom
[INFO] Downloaded from central-https: https://repo.maven.apache.org/maven2/org/springframework/spring-framework-bom/5.1.9.RELEASE/spring-framework-bom-5.1.9.RELEASE.pom (5.3 kB at 30 kB/s)
[INFO] Downloading from central-https: https://repo.maven.apache.org/maven2/org/springframework/data/spring-data-releasetrain/Lovelace-SR10/spring-data-releasetrain-Lovelace-SR10.pom
[INFO] Downloaded from central-https: https://repo.maven.apache.org/maven2/org/springframework/data/spring-data-releasetrain/Lovelace-SR10/spring-data-releasetrain-Lovelace-SR10.pom (4.7 kB at 26 kB/s)
[INFO] Downloading from central-https: https://repo.maven.apache.org/maven2/org/springframework/data/build/spring-data-build/2.1.10.RELEASE/spring-data-build-2.1.10.RELEASE.pom
[INFO] Downloaded from central-https: https://repo.maven.apache.org/maven2/org/springframework/data/build/spring-data-build/2.1.10.RELEASE/spring-data-build-2.1.10.RELEASE.pom (6.8 kB at 37 kB/s)
[INFO] Downloading from central-https: https://repo.maven.apache.org/maven2/org/springframework/integration/spring-integration-bom/5.1.7.RELEASE/spring-integration-bom-5.1.7.RELEASE.pom
[INFO] Downloaded from central-https: https://repo.maven.apache.org/maven2/org/springframework/integration/spring-integration-bom/5.1.7.RELEASE/spring-integration-bom-5.1.7.RELEASE.pom (8.7 kB at 48 kB/s)
[INFO] Downloading from central-https: https://repo.maven.apache.org/maven2/org/springframework/security/spring-security-bom/5.1.6.RELEASE/spring-security-bom-5.1.6.RELEASE.pom
[INFO] Downloaded from central-https: https://repo.maven.apache.org/maven2/org/springframework/security/spring-security-bom/5.1.6.RELEASE/spring-security-bom-5.1.6.RELEASE.pom (5.0 kB at 28 kB/s)
[INFO] Downloading from central-https: https://repo.maven.apache.org/maven2/org/springframework/session/spring-session-bom/Bean-SR7/spring-session-bom-Bean-SR7.pom
[INFO] Downloaded from central-https: https://repo.maven.apache.org/maven2/org/springframework/session/spring-session-bom/Bean-SR7/spring-session-bom-Bean-SR7.pom (3.0 kB at 16 kB/s)
[INFO] Downloading from central-https: https://repo.maven.apache.org/maven2/me/zhyd/oauth/JustAuth/1.13.2/JustAuth-1.13.2.pom
[INFO] Downloaded from central-https: https://repo.maven.apache.org/maven2/me/zhyd/oauth/JustAuth/1.13.2/JustAuth-1.13.2.pom (9.2 kB at 29 kB/s)
[INFO] Downloading from central-https: https://repo.maven.apache.org/maven2/cn/hutool/hutool-http/5.0.7/hutool-http-5.0.7.pom
[INFO] Downloaded from central-https: https://repo.maven.apache.org/maven2/cn/hutool/hutool-http/5.0.7/hutool-http-5.0.7.pom (1.1 kB at 5.3 kB/s)
[INFO] Downloading from central-https: https://repo.maven.apache.org/maven2/cn/hutool/hutool-parent/5.0.7/hutool-parent-5.0.7.pom
[INFO] Downloaded from central-https: https://repo.maven.apache.org/maven2/cn/hutool/hutool-parent/5.0.7/hutool-parent-5.0.7.pom (5.3 kB at 30 kB/s)
[INFO] Downloading from central-https: https://repo.maven.apache.org/maven2/cn/hutool/hutool-core/5.0.7/hutool-core-5.0.7.pom
[INFO] Downloaded from central-https: https://repo.maven.apache.org/maven2/cn/hutool/hutool-core/5.0.7/hutool-core-5.0.7.pom (576 B at 811 B/s)
[INFO] Downloading from central-https: https://repo.maven.apache.org/maven2/cn/hutool/hutool-json/5.0.7/hutool-json-5.0.7.pom
[INFO] Downloaded from central-https: https://repo.maven.apache.org/maven2/cn/hutool/hutool-json/5.0.7/hutool-json-5.0.7.pom (772 B at 3.7 kB/s)
[INFO] Downloading from central-https: https://repo.maven.apache.org/maven2/org/springframework/boot/spring-boot-starter-web/2.1.3.RELEASE/spring-boot-starter-web-2.1.3.RELEASE.jar
[INFO] Downloaded from central-https: https://repo.maven.apache.org/maven2/org/springframework/boot/spring-boot-starter-web/2.1.3.RELEASE/spring-boot-starter-web-2.1.3.RELEASE.jar (406 B at 2.2 kB/s)
[INFO] Downloading from central-https: https://repo.maven.apache.org/maven2/org/springframework/boot/spring-boot-starter/2.1.3.RELEASE/spring-boot-starter-2.1.3.RELEASE.jar
[INFO] Downloading from central-https: https://repo.maven.apache.org/maven2/org/springframework/boot/spring-boot/2.1.3.RELEASE/spring-boot-2.1.3.RELEASE.jar
[INFO] Downloading from central-https: https://repo.maven.apache.org/maven2/org/springframework/boot/spring-boot-starter-logging/2.1.3.RELEASE/spring-boot-starter-logging-2.1.3.RELEASE.jar
[INFO] Downloading from central-https: https://repo.maven.apache.org/maven2/ch/qos/logback/logback-classic/1.2.9/logback-classic-1.2.9.jar
[INFO] Downloading from central-https: https://repo.maven.apache.org/maven2/ch/qos/logback/logback-core/1.2.9/logback-core-1.2.9.jar
[INFO] Downloaded from central-https: https://repo.maven.apache.org/maven2/org/springframework/boot/spring-boot-starter-logging/2.1.3.RELEASE/spring-boot-starter-logging-2.1.3.RELEASE.jar (407 B at 2.4 kB/s)
[INFO] Downloading from central-https: https://repo.maven.apache.org/maven2/org/apache/logging/log4j/log4j-to-slf4j/2.17.0/log4j-to-slf4j-2.17.0.jar
[INFO] Downloaded from central-https: https://repo.maven.apache.org/maven2/org/springframework/boot/spring-boot-starter/2.1.3.RELEASE/spring-boot-starter-2.1.3.RELEASE.jar (398 B at 2.2 kB/s)
[INFO] Downloading from central-https: https://repo.maven.apache.org/maven2/org/apache/logging/log4j/log4j-api/2.17.0/log4j-api-2.17.0.jar
[INFO] Downloaded from central-https: https://repo.maven.apache.org/maven2/ch/qos/logback/logback-classic/1.2.9/logback-classic-1.2.9.jar (234 kB at 987 kB/s)
[INFO] Downloading from central-https: https://repo.maven.apache.org/maven2/org/slf4j/jul-to-slf4j/1.7.25/jul-to-slf4j-1.7.25.jar
[INFO] Downloaded from central-https: https://repo.maven.apache.org/maven2/org/apache/logging/log4j/log4j-to-slf4j/2.17.0/log4j-to-slf4j-2.17.0.jar (18 kB at 52 kB/s)
[INFO] Downloading from central-https: https://repo.maven.apache.org/maven2/javax/annotation/javax.annotation-api/1.3.2/javax.annotation-api-1.3.2.jar
[INFO] Downloaded from central-https: https://repo.maven.apache.org/maven2/org/slf4j/jul-to-slf4j/1.7.25/jul-to-slf4j-1.7.25.jar (4.6 kB at 11 kB/s)
[INFO] Downloading from central-https: https://repo.maven.apache.org/maven2/org/yaml/snakeyaml/1.23/snakeyaml-1.23.jar
[INFO] Downloaded from central-https: https://repo.maven.apache.org/maven2/ch/qos/logback/logback-core/1.2.9/logback-core-1.2.9.jar (454 kB at 985 kB/s)
[INFO] Downloading from central-https: https://repo.maven.apache.org/maven2/org/springframework/boot/spring-boot-starter-json/2.1.3.RELEASE/spring-boot-starter-json-2.1.3.RELEASE.jar
[INFO] Downloaded from central-https: https://repo.maven.apache.org/maven2/org/springframework/boot/spring-boot/2.1.3.RELEASE/spring-boot-2.1.3.RELEASE.jar (949 kB at 2.0 MB/s)
[INFO] Downloading from central-https: https://repo.maven.apache.org/maven2/com/fasterxml/jackson/datatype/jackson-datatype-jdk8/2.9.8/jackson-datatype-jdk8-2.9.8.jar
[INFO] Downloaded from central-https: https://repo.maven.apache.org/maven2/javax/annotation/javax.annotation-api/1.3.2/javax.annotation-api-1.3.2.jar (27 kB at 51 kB/s)
[INFO] Downloading from central-https: https://repo.maven.apache.org/maven2/com/fasterxml/jackson/datatype/jackson-datatype-jsr310/2.9.8/jackson-datatype-jsr310-2.9.8.jar
[INFO] Downloaded from central-https: https://repo.maven.apache.org/maven2/org/apache/logging/log4j/log4j-api/2.17.0/log4j-api-2.17.0.jar (302 kB at 519 kB/s)
[INFO] Downloading from central-https: https://repo.maven.apache.org/maven2/com/fasterxml/jackson/module/jackson-module-parameter-names/2.9.8/jackson-module-parameter-names-2.9.8.jar
[INFO] Downloaded from central-https: https://repo.maven.apache.org/maven2/org/springframework/boot/spring-boot-starter-json/2.1.3.RELEASE/spring-boot-starter-json-2.1.3.RELEASE.jar (405 B at 634 B/s)
[INFO] Downloading from central-https: https://repo.maven.apache.org/maven2/org/springframework/boot/spring-boot-starter-tomcat/2.1.3.RELEASE/spring-boot-starter-tomcat-2.1.3.RELEASE.jar
[INFO] Downloaded from central-https: https://repo.maven.apache.org/maven2/com/fasterxml/jackson/datatype/jackson-datatype-jdk8/2.9.8/jackson-datatype-jdk8-2.9.8.jar (33 kB at 51 kB/s)
[INFO] Downloading from central-https: https://repo.maven.apache.org/maven2/org/apache/tomcat/embed/tomcat-embed-core/9.0.122/tomcat-embed-core-9.0.122.jar
[INFO] Downloaded from central-https: https://repo.maven.apache.org/maven2/org/yaml/snakeyaml/1.23/snakeyaml-1.23.jar (301 kB at 450 kB/s)
[INFO] Downloading from central-https: https://repo.maven.apache.org/maven2/org/apache/tomcat/embed/tomcat-embed-el/9.0.122/tomcat-embed-el-9.0.122.jar
[INFO] Downloaded from central-https: https://repo.maven.apache.org/maven2/com/fasterxml/jackson/datatype/jackson-datatype-jsr310/2.9.8/jackson-datatype-jsr310-2.9.8.jar (101 kB at 135 kB/s)
[INFO] Downloading from central-https: https://repo.maven.apache.org/maven2/org/apache/tomcat/embed/tomcat-embed-websocket/9.0.122/tomcat-embed-websocket-9.0.122.jar
[INFO] Downloaded from central-https: https://repo.maven.apache.org/maven2/com/fasterxml/jackson/module/jackson-module-parameter-names/2.9.8/jackson-module-parameter-names-2.9.8.jar (8.6 kB at 11 kB/s)
[INFO] Downloading from central-https: https://repo.maven.apache.org/maven2/org/hibernate/validator/hibernate-validator/6.0.14.Final/hibernate-validator-6.0.14.Final.jar
[INFO] Downloaded from central-https: https://repo.maven.apache.org/maven2/org/springframework/boot/spring-boot-starter-tomcat/2.1.3.RELEASE/spring-boot-starter-tomcat-2.1.3.RELEASE.jar (406 B at 498 B/s)
[INFO] Downloading from central-https: https://repo.maven.apache.org/maven2/javax/validation/validation-api/2.0.1.Final/validation-api-2.0.1.Final.jar
[INFO] Downloaded from central-https: https://repo.maven.apache.org/maven2/org/apache/tomcat/embed/tomcat-embed-el/9.0.122/tomcat-embed-el-9.0.122.jar (264 kB at 288 kB/s)
[INFO] Downloading from central-https: https://repo.maven.apache.org/maven2/org/springframework/spring-web/5.1.5.RELEASE/spring-web-5.1.5.RELEASE.jar
[INFO] Downloaded from central-https: https://repo.maven.apache.org/maven2/javax/validation/validation-api/2.0.1.Final/validation-api-2.0.1.Final.jar (93 kB at 92 kB/s)
[INFO] Downloading from central-https: https://repo.maven.apache.org/maven2/org/springframework/spring-beans/5.1.5.RELEASE/spring-beans-5.1.5.RELEASE.jar
[INFO] Downloaded from central-https: https://repo.maven.apache.org/maven2/org/apache/tomcat/embed/tomcat-embed-websocket/9.0.122/tomcat-embed-websocket-9.0.122.jar (292 kB at 277 kB/s)
[INFO] Downloading from central-https: https://repo.maven.apache.org/maven2/org/springframework/spring-webmvc/5.1.5.RELEASE/spring-webmvc-5.1.5.RELEASE.jar
[INFO] Downloaded from central-https: https://repo.maven.apache.org/maven2/org/apache/tomcat/embed/tomcat-embed-core/9.0.122/tomcat-embed-core-9.0.122.jar (3.7 MB at 3.2 MB/s)
[INFO] Downloading from central-https: https://repo.maven.apache.org/maven2/org/springframework/spring-context/5.1.5.RELEASE/spring-context-5.1.5.RELEASE.jar
[INFO] Downloaded from central-https: https://repo.maven.apache.org/maven2/org/hibernate/validator/hibernate-validator/6.0.14.Final/hibernate-validator-6.0.14.Final.jar (1.2 MB at 906 kB/s)
[INFO] Downloading from central-https: https://repo.maven.apache.org/maven2/org/springframework/spring-expression/5.1.5.RELEASE/spring-expression-5.1.5.RELEASE.jar
[INFO] Downloaded from central-https: https://repo.maven.apache.org/maven2/org/springframework/spring-beans/5.1.5.RELEASE/spring-beans-5.1.5.RELEASE.jar (673 kB at 505 kB/s)
[INFO] Downloading from central-https: https://repo.maven.apache.org/maven2/org/springframework/boot/spring-boot-starter-mail/2.1.3.RELEASE/spring-boot-starter-mail-2.1.3.RELEASE.jar
[INFO] Downloaded from central-https: https://repo.maven.apache.org/maven2/org/springframework/spring-context/5.1.5.RELEASE/spring-context-5.1.5.RELEASE.jar (1.1 MB at 816 kB/s)
[INFO] Downloading from central-https: https://repo.maven.apache.org/maven2/org/springframework/spring-context-support/5.1.5.RELEASE/spring-context-support-5.1.5.RELEASE.jar
[INFO] Downloaded from central-https: https://repo.maven.apache.org/maven2/org/springframework/spring-web/5.1.5.RELEASE/spring-web-5.1.5.RELEASE.jar (1.4 MB at 990 kB/s)
[INFO] Downloading from central-https: https://repo.maven.apache.org/maven2/com/sun/mail/javax.mail/1.6.2/javax.mail-1.6.2.jar
[INFO] Downloaded from central-https: https://repo.maven.apache.org/maven2/org/springframework/spring-expression/5.1.5.RELEASE/spring-expression-5.1.5.RELEASE.jar (280 kB at 190 kB/s)
[INFO] Downloading from central-https: https://repo.maven.apache.org/maven2/javax/activation/activation/1.1/activation-1.1.jar
[INFO] Downloaded from central-https: https://repo.maven.apache.org/maven2/org/springframework/spring-webmvc/5.1.5.RELEASE/spring-webmvc-5.1.5.RELEASE.jar (800 kB at 537 kB/s)
[INFO] Downloading from central-https: https://repo.maven.apache.org/maven2/org/springframework/boot/spring-boot-starter-test/2.1.3.RELEASE/spring-boot-starter-test-2.1.3.RELEASE.jar
[INFO] Downloaded from central-https: https://repo.maven.apache.org/maven2/org/springframework/boot/spring-boot-starter-mail/2.1.3.RELEASE/spring-boot-starter-mail-2.1.3.RELEASE.jar (404 B at 267 B/s)
[INFO] Downloading from central-https: https://repo.maven.apache.org/maven2/org/springframework/boot/spring-boot-test/2.1.3.RELEASE/spring-boot-test-2.1.3.RELEASE.jar
[INFO] Downloaded from central-https: https://repo.maven.apache.org/maven2/org/springframework/spring-context-support/5.1.5.RELEASE/spring-context-support-5.1.5.RELEASE.jar (181 kB at 120 kB/s)
[INFO] Downloading from central-https: https://repo.maven.apache.org/maven2/org/springframework/boot/spring-boot-test-autoconfigure/2.1.3.RELEASE/spring-boot-test-autoconfigure-2.1.3.RELEASE.jar
[INFO] Downloaded from central-https: https://repo.maven.apache.org/maven2/org/springframework/boot/spring-boot-starter-test/2.1.3.RELEASE/spring-boot-starter-test-2.1.3.RELEASE.jar (404 B at 243 B/s)
[INFO] Downloading from central-https: https://repo.maven.apache.org/maven2/com/jayway/jsonpath/json-path/2.4.0/json-path-2.4.0.jar
[INFO] Downloaded from central-https: https://repo.maven.apache.org/maven2/javax/activation/activation/1.1/activation-1.1.jar (63 kB at 38 kB/s)
[INFO] Downloading from central-https: https://repo.maven.apache.org/maven2/net/minidev/json-smart/2.3/json-smart-2.3.jar
[INFO] Downloaded from central-https: https://repo.maven.apache.org/maven2/org/springframework/boot/spring-boot-test-autoconfigure/2.1.3.RELEASE/spring-boot-test-autoconfigure-2.1.3.RELEASE.jar (172 kB at 102 kB/s)
[INFO] Downloading from central-https: https://repo.maven.apache.org/maven2/net/minidev/accessors-smart/1.2/accessors-smart-1.2.jar
[INFO] Downloaded from central-https: https://repo.maven.apache.org/maven2/com/sun/mail/javax.mail/1.6.2/javax.mail-1.6.2.jar (659 kB at 386 kB/s)
[INFO] Downloading from central-https: https://repo.maven.apache.org/maven2/org/ow2/asm/asm/5.0.4/asm-5.0.4.jar
[INFO] Downloaded from central-https: https://repo.maven.apache.org/maven2/com/jayway/jsonpath/json-path/2.4.0/json-path-2.4.0.jar (223 kB at 121 kB/s)
[INFO] Downloading from central-https: https://repo.maven.apache.org/maven2/junit/junit/4.12/junit-4.12.jar
[INFO] Downloaded from central-https: https://repo.maven.apache.org/maven2/net/minidev/accessors-smart/1.2/accessors-smart-1.2.jar (30 kB at 16 kB/s)
[INFO] Downloading from central-https: https://repo.maven.apache.org/maven2/org/assertj/assertj-core/3.11.1/assertj-core-3.11.1.jar
[INFO] Downloaded from central-https: https://repo.maven.apache.org/maven2/net/minidev/json-smart/2.3/json-smart-2.3.jar (120 kB at 65 kB/s)
[INFO] Downloading from central-https: https://repo.maven.apache.org/maven2/org/mockito/mockito-core/2.23.4/mockito-core-2.23.4.jar
[INFO] Downloaded from central-https: https://repo.maven.apache.org/maven2/org/ow2/asm/asm/5.0.4/asm-5.0.4.jar (53 kB at 28 kB/s)
[INFO] Downloading from central-https: https://repo.maven.apache.org/maven2/net/bytebuddy/byte-buddy-agent/1.9.10/byte-buddy-agent-1.9.10.jar
[INFO] Downloaded from central-https: https://repo.maven.apache.org/maven2/org/springframework/boot/spring-boot-test/2.1.3.RELEASE/spring-boot-test-2.1.3.RELEASE.jar (197 kB at 103 kB/s)
[INFO] Downloading from central-https: https://repo.maven.apache.org/maven2/org/objenesis/objenesis/2.6/objenesis-2.6.jar
[INFO] Downloaded from central-https: https://repo.maven.apache.org/maven2/junit/junit/4.12/junit-4.12.jar (315 kB at 153 kB/s)
[INFO] Downloading from central-https: https://repo.maven.apache.org/maven2/org/hamcrest/hamcrest-core/1.3/hamcrest-core-1.3.jar
[INFO] Downloaded from central-https: https://repo.maven.apache.org/maven2/net/bytebuddy/byte-buddy-agent/1.9.10/byte-buddy-agent-1.9.10.jar (43 kB at 21 kB/s)
[INFO] Downloading from central-https: https://repo.maven.apache.org/maven2/org/hamcrest/hamcrest-library/1.3/hamcrest-library-1.3.jar
[INFO] Downloaded from central-https: https://repo.maven.apache.org/maven2/org/mockito/mockito-core/2.23.4/mockito-core-2.23.4.jar (565 kB at 270 kB/s)
[INFO] Downloading from central-https: https://repo.maven.apache.org/maven2/org/skyscreamer/jsonassert/1.5.0/jsonassert-1.5.0.jar
[INFO] Downloaded from central-https: https://repo.maven.apache.org/maven2/org/objenesis/objenesis/2.6/objenesis-2.6.jar (56 kB at 27 kB/s)
[INFO] Downloading from central-https: https://repo.maven.apache.org/maven2/com/vaadin/external/google/android-json/0.0.20131108.vaadin1/android-json-0.0.20131108.vaadin1.jar
[INFO] Downloaded from central-https: https://repo.maven.apache.org/maven2/org/assertj/assertj-core/3.11.1/assertj-core-3.11.1.jar (4.1 MB at 1.9 MB/s)
[INFO] Downloading from central-https: https://repo.maven.apache.org/maven2/org/springframework/spring-core/5.1.5.RELEASE/spring-core-5.1.5.RELEASE.jar
[INFO] Downloaded from central-https: https://repo.maven.apache.org/maven2/org/hamcrest/hamcrest-core/1.3/hamcrest-core-1.3.jar (45 kB at 20 kB/s)
[INFO] Downloading from central-https: https://repo.maven.apache.org/maven2/org/springframework/spring-jcl/5.1.5.RELEASE/spring-jcl-5.1.5.RELEASE.jar
[INFO] Downloaded from central-https: https://repo.maven.apache.org/maven2/org/hamcrest/hamcrest-library/1.3/hamcrest-library-1.3.jar (53 kB at 23 kB/s)
[INFO] Downloading from central-https: https://repo.maven.apache.org/maven2/org/springframework/spring-test/5.1.5.RELEASE/spring-test-5.1.5.RELEASE.jar
[INFO] Downloaded from central-https: https://repo.maven.apache.org/maven2/org/skyscreamer/jsonassert/1.5.0/jsonassert-1.5.0.jar (30 kB at 13 kB/s)
[INFO] Downloading from central-https: https://repo.maven.apache.org/maven2/org/xmlunit/xmlunit-core/2.6.2/xmlunit-core-2.6.2.jar
[INFO] Downloaded from central-https: https://repo.maven.apache.org/maven2/com/vaadin/external/google/android-json/0.0.20131108.vaadin1/android-json-0.0.20131108.vaadin1.jar (18 kB at 8.0 kB/s)
[INFO] Downloading from central-https: https://repo.maven.apache.org/maven2/org/springframework/boot/spring-boot-starter-aop/2.1.3.RELEASE/spring-boot-starter-aop-2.1.3.RELEASE.jar
[INFO] Downloaded from central-https: https://repo.maven.apache.org/maven2/org/springframework/spring-core/5.1.5.RELEASE/spring-core-5.1.5.RELEASE.jar (1.3 MB at 558 kB/s)
[INFO] Downloading from central-https: https://repo.maven.apache.org/maven2/org/springframework/spring-aop/5.1.5.RELEASE/spring-aop-5.1.5.RELEASE.jar
[INFO] Downloaded from central-https: https://repo.maven.apache.org/maven2/org/springframework/spring-jcl/5.1.5.RELEASE/spring-jcl-5.1.5.RELEASE.jar (24 kB at 9.9 kB/s)
[INFO] Downloading from central-https: https://repo.maven.apache.org/maven2/org/aspectj/aspectjweaver/1.9.2/aspectjweaver-1.9.2.jar
[INFO] Downloaded from central-https: https://repo.maven.apache.org/maven2/org/springframework/boot/spring-boot-starter-aop/2.1.3.RELEASE/spring-boot-starter-aop-2.1.3.RELEASE.jar (405 B at 164 B/s)
[INFO] Downloading from central-https: https://repo.maven.apache.org/maven2/org/springframework/boot/spring-boot-starter-actuator/2.1.3.RELEASE/spring-boot-starter-actuator-2.1.3.RELEASE.jar
[INFO] Downloaded from central-https: https://repo.maven.apache.org/maven2/org/xmlunit/xmlunit-core/2.6.2/xmlunit-core-2.6.2.jar (168 kB at 68 kB/s)
[INFO] Downloading from central-https: https://repo.maven.apache.org/maven2/org/springframework/boot/spring-boot-actuator-autoconfigure/2.1.3.RELEASE/spring-boot-actuator-autoconfigure-2.1.3.RELEASE.jar
[INFO] Downloaded from central-https: https://repo.maven.apache.org/maven2/org/springframework/spring-test/5.1.5.RELEASE/spring-test-5.1.5.RELEASE.jar (619 kB at 249 kB/s)
[INFO] Downloading from central-https: https://repo.maven.apache.org/maven2/org/springframework/boot/spring-boot-actuator/2.1.3.RELEASE/spring-boot-actuator-2.1.3.RELEASE.jar
[INFO] Downloaded from central-https: https://repo.maven.apache.org/maven2/org/springframework/spring-aop/5.1.5.RELEASE/spring-aop-5.1.5.RELEASE.jar (369 kB at 148 kB/s)
[INFO] Downloading from central-https: https://repo.maven.apache.org/maven2/io/micrometer/micrometer-core/1.1.3/micrometer-core-1.1.3.jar
[INFO] Downloaded from central-https: https://repo.maven.apache.org/maven2/org/springframework/boot/spring-boot-starter-actuator/2.1.3.RELEASE/spring-boot-starter-actuator-2.1.3.RELEASE.jar (408 B at 154 B/s)
[INFO] Downloading from central-https: https://repo.maven.apache.org/maven2/org/hdrhistogram/HdrHistogram/2.1.9/HdrHistogram-2.1.9.jar
[INFO] Downloaded from central-https: https://repo.maven.apache.org/maven2/io/micrometer/micrometer-core/1.1.3/micrometer-core-1.1.3.jar (423 kB at 158 kB/s)
[INFO] Downloading from central-https: https://repo.maven.apache.org/maven2/org/latencyutils/LatencyUtils/2.0.3/LatencyUtils-2.0.3.jar
[INFO] Downloaded from central-https: https://repo.maven.apache.org/maven2/org/springframework/boot/spring-boot-actuator/2.1.3.RELEASE/spring-boot-actuator-2.1.3.RELEASE.jar (508 kB at 188 kB/s)
[INFO] Downloading from central-https: https://repo.maven.apache.org/maven2/commons-io/commons-io/2.6/commons-io-2.6.jar
[INFO] Downloaded from central-https: https://repo.maven.apache.org/maven2/org/springframework/boot/spring-boot-actuator-autoconfigure/2.1.3.RELEASE/spring-boot-actuator-autoconfigure-2.1.3.RELEASE.jar (437 kB at 161 kB/s)
[INFO] Downloading from central-https: https://repo.maven.apache.org/maven2/commons-lang/commons-lang/2.6/commons-lang-2.6.jar
[INFO] Downloaded from central-https: https://repo.maven.apache.org/maven2/org/aspectj/aspectjweaver/1.9.2/aspectjweaver-1.9.2.jar (2.1 MB at 734 kB/s)
[INFO] Downloading from central-https: https://repo.maven.apache.org/maven2/org/springframework/boot/spring-boot-starter-freemarker/2.1.3.RELEASE/spring-boot-starter-freemarker-2.1.3.RELEASE.jar
[INFO] Downloaded from central-https: https://repo.maven.apache.org/maven2/org/hdrhistogram/HdrHistogram/2.1.9/HdrHistogram-2.1.9.jar (114 kB at 40 kB/s)
[INFO] Downloading from central-https: https://repo.maven.apache.org/maven2/org/freemarker/freemarker/2.3.28/freemarker-2.3.28.jar
[INFO] Downloaded from central-https: https://repo.maven.apache.org/maven2/org/latencyutils/LatencyUtils/2.0.3/LatencyUtils-2.0.3.jar (30 kB at 11 kB/s)
[INFO] Downloading from central-https: https://repo.maven.apache.org/maven2/org/projectlombok/lombok/1.18.6/lombok-1.18.6.jar
[INFO] Downloaded from central-https: https://repo.maven.apache.org/maven2/commons-io/commons-io/2.6/commons-io-2.6.jar (215 kB at 74 kB/s)
[INFO] Downloading from central-https: https://repo.maven.apache.org/maven2/com/baomidou/mybatis-plus-boot-starter/3.1.2/mybatis-plus-boot-starter-3.1.2.jar
[INFO] Downloaded from central-https: https://repo.maven.apache.org/maven2/commons-lang/commons-lang/2.6/commons-lang-2.6.jar (284 kB at 96 kB/s)
[INFO] Downloading from central-https: https://repo.maven.apache.org/maven2/com/baomidou/mybatis-plus/3.1.2/mybatis-plus-3.1.2.jar
[INFO] Downloaded from central-https: https://repo.maven.apache.org/maven2/org/projectlombok/lombok/1.18.6/lombok-1.18.6.jar (1.7 MB at 566 kB/s)
[INFO] Downloading from central-https: https://repo.maven.apache.org/maven2/com/baomidou/mybatis-plus-extension/3.1.2/mybatis-plus-extension-3.1.2.jar
[INFO] Downloaded from central-https: https://repo.maven.apache.org/maven2/com/baomidou/mybatis-plus-boot-starter/3.1.2/mybatis-plus-boot-starter-3.1.2.jar (18 kB at 5.9 kB/s)
[INFO] Downloading from central-https: https://repo.maven.apache.org/maven2/com/baomidou/mybatis-plus-core/3.1.2/mybatis-plus-core-3.1.2.jar
[INFO] Downloaded from central-https: https://repo.maven.apache.org/maven2/org/springframework/boot/spring-boot-starter-freemarker/2.1.3.RELEASE/spring-boot-starter-freemarker-2.1.3.RELEASE.jar (411 B at 132 B/s)
[INFO] Downloading from central-https: https://repo.maven.apache.org/maven2/com/baomidou/mybatis-plus-annotation/3.1.2/mybatis-plus-annotation-3.1.2.jar
[INFO] Downloaded from central-https: https://repo.maven.apache.org/maven2/com/baomidou/mybatis-plus/3.1.2/mybatis-plus-3.1.2.jar (398 B at 127 B/s)
[INFO] Downloading from central-https: https://repo.maven.apache.org/maven2/com/github/jsqlparser/jsqlparser/1.2/jsqlparser-1.2.jar
[INFO] Downloaded from central-https: https://repo.maven.apache.org/maven2/com/baomidou/mybatis-plus-extension/3.1.2/mybatis-plus-extension-3.1.2.jar (151 kB at 47 kB/s)
[INFO] Downloading from central-https: https://repo.maven.apache.org/maven2/org/mybatis/mybatis/3.5.1/mybatis-3.5.1.jar
[INFO] Downloaded from central-https: https://repo.maven.apache.org/maven2/com/baomidou/mybatis-plus-annotation/3.1.2/mybatis-plus-annotation-3.1.2.jar (10 kB at 3.1 kB/s)
[INFO] Downloading from central-https: https://repo.maven.apache.org/maven2/org/mybatis/mybatis-spring/2.0.1/mybatis-spring-2.0.1.jar
[INFO] Downloaded from central-https: https://repo.maven.apache.org/maven2/com/baomidou/mybatis-plus-core/3.1.2/mybatis-plus-core-3.1.2.jar (244 kB at 74 kB/s)
[INFO] Downloading from central-https: https://repo.maven.apache.org/maven2/org/springframework/boot/spring-boot-autoconfigure/2.1.3.RELEASE/spring-boot-autoconfigure-2.1.3.RELEASE.jar
[INFO] Downloaded from central-https: https://repo.maven.apache.org/maven2/org/freemarker/freemarker/2.3.28/freemarker-2.3.28.jar (1.5 MB at 457 kB/s)
[INFO] Downloading from central-https: https://repo.maven.apache.org/maven2/org/springframework/boot/spring-boot-starter-jdbc/2.1.3.RELEASE/spring-boot-starter-jdbc-2.1.3.RELEASE.jar
[INFO] Downloaded from central-https: https://repo.maven.apache.org/maven2/com/github/jsqlparser/jsqlparser/1.2/jsqlparser-1.2.jar (410 kB at 122 kB/s)
[INFO] Downloading from central-https: https://repo.maven.apache.org/maven2/com/zaxxer/HikariCP/3.2.0/HikariCP-3.2.0.jar
[INFO] Downloaded from central-https: https://repo.maven.apache.org/maven2/org/mybatis/mybatis/3.5.1/mybatis-3.5.1.jar (1.7 MB at 494 kB/s)
[INFO] Downloading from central-https: https://repo.maven.apache.org/maven2/org/springframework/spring-jdbc/5.1.5.RELEASE/spring-jdbc-5.1.5.RELEASE.jar
[INFO] Downloaded from central-https: https://repo.maven.apache.org/maven2/org/mybatis/mybatis-spring/2.0.1/mybatis-spring-2.0.1.jar (66 kB at 19 kB/s)
[INFO] Downloading from central-https: https://repo.maven.apache.org/maven2/com/alibaba/druid-spring-boot-starter/1.1.17/druid-spring-boot-starter-1.1.17.jar
[INFO] Downloaded from central-https: https://repo.maven.apache.org/maven2/org/springframework/boot/spring-boot-starter-jdbc/2.1.3.RELEASE/spring-boot-starter-jdbc-2.1.3.RELEASE.jar (406 B at 115 B/s)
[INFO] Downloading from central-https: https://repo.maven.apache.org/maven2/com/alibaba/druid/1.1.17/druid-1.1.17.jar
[INFO] Downloaded from central-https: https://repo.maven.apache.org/maven2/org/springframework/boot/spring-boot-autoconfigure/2.1.3.RELEASE/spring-boot-autoconfigure-2.1.3.RELEASE.jar (1.3 MB at 354 kB/s)
[INFO] Downloading from central-https: https://repo.maven.apache.org/maven2/org/slf4j/slf4j-api/1.7.25/slf4j-api-1.7.25.jar
[INFO] Downloaded from central-https: https://repo.maven.apache.org/maven2/com/zaxxer/HikariCP/3.2.0/HikariCP-3.2.0.jar (144 kB at 40 kB/s)
[INFO] Downloading from central-https: https://repo.maven.apache.org/maven2/com/baomidou/dynamic-datasource-spring-boot-starter/2.5.4/dynamic-datasource-spring-boot-starter-2.5.4.jar
[INFO] Downloaded from central-https: https://repo.maven.apache.org/maven2/org/springframework/spring-jdbc/5.1.5.RELEASE/spring-jdbc-5.1.5.RELEASE.jar (404 kB at 112 kB/s)
[INFO] Downloading from central-https: https://repo.maven.apache.org/maven2/com/alibaba/fastjson/1.2.83/fastjson-1.2.83.jar
[INFO] Downloaded from central-https: https://repo.maven.apache.org/maven2/com/alibaba/druid-spring-boot-starter/1.1.17/druid-spring-boot-starter-1.1.17.jar (20 kB at 5.5 kB/s)
[INFO] Downloading from central-https: https://repo.maven.apache.org/maven2/mysql/mysql-connector-java/8.0.28/mysql-connector-java-8.0.28.jar
[INFO] Downloaded from central-https: https://repo.maven.apache.org/maven2/org/slf4j/slf4j-api/1.7.25/slf4j-api-1.7.25.jar (41 kB at 11 kB/s)
[INFO] Downloading from central-https: https://repo.maven.apache.org/maven2/com/microsoft/sqlserver/sqljdbc4/4.0/sqljdbc4-4.0.jar
[INFO] Downloaded from central-https: https://repo.maven.apache.org/maven2/com/alibaba/fastjson/1.2.83/fastjson-1.2.83.jar (672 kB at 177 kB/s)
[INFO] Downloading from central-https: https://repo.maven.apache.org/maven2/com/oracle/database/jdbc/ojdbc6/11.2.0.4/ojdbc6-11.2.0.4.jar
[INFO] Downloaded from central-https: https://repo.maven.apache.org/maven2/com/baomidou/dynamic-datasource-spring-boot-starter/2.5.4/dynamic-datasource-spring-boot-starter-2.5.4.jar (86 kB at 23 kB/s)
[INFO] Downloading from central-https: https://repo.maven.apache.org/maven2/com/oracle/database/jdbc/ucp/11.2.0.4/ucp-11.2.0.4.jar
[INFO] Downloading from central-https: https://repo.maven.apache.org/maven2/com/oracle/database/security/oraclepki/11.2.0.4/oraclepki-11.2.0.4.jar
[INFO] Downloaded from central-https: https://repo.maven.apache.org/maven2/com/oracle/database/jdbc/ucp/11.2.0.4/ucp-11.2.0.4.jar (506 kB at 125 kB/s)
[INFO] Downloading from central-https: https://repo.maven.apache.org/maven2/com/oracle/database/security/osdt_cert/11.2.0.4/osdt_cert-11.2.0.4.jar
[INFO] Downloaded from central-https: https://repo.maven.apache.org/maven2/com/alibaba/druid/1.1.17/druid-1.1.17.jar (2.8 MB at 677 kB/s)
[INFO] Downloading from central-https: https://repo.maven.apache.org/maven2/com/oracle/database/security/osdt_core/11.2.0.4/osdt_core-11.2.0.4.jar
[INFO] Downloaded from central-https: https://repo.maven.apache.org/maven2/com/oracle/database/security/oraclepki/11.2.0.4/oraclepki-11.2.0.4.jar (219 kB at 53 kB/s)
[INFO] Downloading from central-https: https://repo.maven.apache.org/maven2/com/oracle/database/ha/simplefan/11.2.0.4/simplefan-11.2.0.4.jar
[INFO] Downloaded from central-https: https://repo.maven.apache.org/maven2/mysql/mysql-connector-java/8.0.28/mysql-connector-java-8.0.28.jar (2.5 MB at 588 kB/s)
[INFO] Downloading from central-https: https://repo.maven.apache.org/maven2/com/oracle/database/ha/ons/11.2.0.4/ons-11.2.0.4.jar
[INFO] Downloaded from central-https: https://repo.maven.apache.org/maven2/com/oracle/database/security/osdt_cert/11.2.0.4/osdt_cert-11.2.0.4.jar (170 kB at 40 kB/s)
[INFO] Downloading from central-https: https://repo.maven.apache.org/maven2/org/postgresql/postgresql/42.2.27/postgresql-42.2.27.jar
[INFO] Downloaded from central-https: https://repo.maven.apache.org/maven2/com/oracle/database/security/osdt_core/11.2.0.4/osdt_core-11.2.0.4.jar (262 kB at 61 kB/s)
[INFO] Downloading from central-https: https://repo.maven.apache.org/maven2/org/checkerframework/checker-qual/3.5.0/checker-qual-3.5.0.jar
[INFO] Downloaded from central-https: https://repo.maven.apache.org/maven2/com/oracle/database/ha/simplefan/11.2.0.4/simplefan-11.2.0.4.jar (20 kB at 4.7 kB/s)
[INFO] Downloading from central-https: https://repo.maven.apache.org/maven2/org/hibernate/hibernate-re/2.1.5/hibernate-re-2.1.5.jar
[INFO] Downloaded from central-https: https://repo.maven.apache.org/maven2/com/oracle/database/ha/ons/11.2.0.4/ons-11.2.0.4.jar (72 kB at 16 kB/s)
[INFO] Downloading from central-https: https://repo.maven.apache.org/maven2/org/hibernate/hibernate-core/5.3.20.Final/hibernate-core-5.3.20.Final.jar
[INFO] Downloaded from central-https: https://repo.maven.apache.org/maven2/com/oracle/database/jdbc/ojdbc6/11.2.0.4/ojdbc6-11.2.0.4.jar (2.7 MB at 615 kB/s)
[INFO] Downloading from central-https: https://repo.maven.apache.org/maven2/org/jboss/logging/jboss-logging/3.3.2.Final/jboss-logging-3.3.2.Final.jar
[INFO] Downloaded from central-https: https://repo.maven.apache.org/maven2/org/checkerframework/checker-qual/3.5.0/checker-qual-3.5.0.jar (214 kB at 48 kB/s)
[INFO] Downloading from central-https: https://repo.maven.apache.org/maven2/javax/persistence/javax.persistence-api/2.2/javax.persistence-api-2.2.jar
[INFO] Downloaded from central-https: https://repo.maven.apache.org/maven2/org/postgresql/postgresql/42.2.27/postgresql-42.2.27.jar (1.0 MB at 219 kB/s)
[INFO] Downloading from central-https: https://repo.maven.apache.org/maven2/org/javassist/javassist/3.23.2-GA/javassist-3.23.2-GA.jar
[INFO] Downloading from central-https: https://repo.maven.apache.org/maven2/net/bytebuddy/byte-buddy/1.9.10/byte-buddy-1.9.10.jar
[INFO] Downloaded from central-https: https://repo.maven.apache.org/maven2/org/javassist/javassist/3.23.2-GA/javassist-3.23.2-GA.jar (770 kB at 158 kB/s)
[INFO] Downloading from central-https: https://repo.maven.apache.org/maven2/antlr/antlr/2.7.7/antlr-2.7.7.jar
[INFO] Downloaded from central-https: https://repo.maven.apache.org/maven2/antlr/antlr/2.7.7/antlr-2.7.7.jar (445 kB at 88 kB/s)
[INFO] Downloading from central-https: https://repo.maven.apache.org/maven2/org/jboss/spec/javax/transaction/jboss-transaction-api_1.2_spec/1.1.1.Final/jboss-transaction-api_1.2_spec-1.1.1.Final.jar
[INFO] Downloaded from central-https: https://repo.maven.apache.org/maven2/org/jboss/spec/javax/transaction/jboss-transaction-api_1.2_spec/1.1.1.Final/jboss-transaction-api_1.2_spec-1.1.1.Final.jar (26 kB at 5.0 kB/s)
[INFO] Downloading from central-https: https://repo.maven.apache.org/maven2/org/jboss/jandex/2.0.5.Final/jandex-2.0.5.Final.jar
[INFO] Downloaded from central-https: https://repo.maven.apache.org/maven2/org/jboss/jandex/2.0.5.Final/jandex-2.0.5.Final.jar (188 kB at 34 kB/s)
[INFO] Downloading from central-https: https://repo.maven.apache.org/maven2/com/fasterxml/classmate/1.4.0/classmate-1.4.0.jar
[INFO] Downloaded from central-https: https://repo.maven.apache.org/maven2/javax/persistence/javax.persistence-api/2.2/javax.persistence-api-2.2.jar (165 kB at 30 kB/s)
[INFO] Downloading from central-https: https://repo.maven.apache.org/maven2/javax/activation/javax.activation-api/1.2.0/javax.activation-api-1.2.0.jar
[INFO] Downloaded from central-https: https://repo.maven.apache.org/maven2/com/fasterxml/classmate/1.4.0/classmate-1.4.0.jar (67 kB at 12 kB/s)
[INFO] Downloading from central-https: https://repo.maven.apache.org/maven2/org/dom4j/dom4j/2.1.3/dom4j-2.1.3.jar
[INFO] Downloaded from central-https: https://repo.maven.apache.org/maven2/net/bytebuddy/byte-buddy/1.9.10/byte-buddy-1.9.10.jar (3.3 MB at 577 kB/s)
[INFO] Downloading from central-https: https://repo.maven.apache.org/maven2/org/hibernate/common/hibernate-commons-annotations/5.0.4.Final/hibernate-commons-annotations-5.0.4.Final.jar
[INFO] Downloaded from central-https: https://repo.maven.apache.org/maven2/javax/activation/javax.activation-api/1.2.0/javax.activation-api-1.2.0.jar (57 kB at 9.9 kB/s)
[INFO] Downloading from central-https: https://repo.maven.apache.org/maven2/javax/xml/bind/jaxb-api/2.3.1/jaxb-api-2.3.1.jar
[INFO] Downloaded from central-https: https://repo.maven.apache.org/maven2/org/hibernate/hibernate-core/5.3.20.Final/hibernate-core-5.3.20.Final.jar (7.0 MB at 1.2 MB/s)
[INFO] Downloading from central-https: https://repo.maven.apache.org/maven2/org/glassfish/jaxb/jaxb-runtime/2.3.1/jaxb-runtime-2.3.1.jar
[INFO] Downloaded from central-https: https://repo.maven.apache.org/maven2/org/hibernate/common/hibernate-commons-annotations/5.0.4.Final/hibernate-commons-annotations-5.0.4.Final.jar (76 kB at 13 kB/s)
[INFO] Downloading from central-https: https://repo.maven.apache.org/maven2/org/glassfish/jaxb/txw2/2.3.1/txw2-2.3.1.jar
[INFO] Downloaded from central-https: https://repo.maven.apache.org/maven2/org/dom4j/dom4j/2.1.3/dom4j-2.1.3.jar (324 kB at 55 kB/s)
[INFO] Downloading from central-https: https://repo.maven.apache.org/maven2/com/sun/istack/istack-commons-runtime/3.0.7/istack-commons-runtime-3.0.7.jar
[INFO] Downloaded from central-https: https://repo.maven.apache.org/maven2/javax/xml/bind/jaxb-api/2.3.1/jaxb-api-2.3.1.jar (128 kB at 22 kB/s)
[INFO] Downloading from central-https: https://repo.maven.apache.org/maven2/org/jvnet/staxex/stax-ex/1.8/stax-ex-1.8.jar
[INFO] Downloaded from central-https: https://repo.maven.apache.org/maven2/org/glassfish/jaxb/jaxb-runtime/2.3.1/jaxb-runtime-2.3.1.jar (1.1 MB at 181 kB/s)
[INFO] Downloading from central-https: https://repo.maven.apache.org/maven2/com/sun/xml/fastinfoset/FastInfoset/1.2.15/FastInfoset-1.2.15.jar
[INFO] Downloaded from central-https: https://repo.maven.apache.org/maven2/com/sun/istack/istack-commons-runtime/3.0.7/istack-commons-runtime-3.0.7.jar (26 kB at 4.2 kB/s)
[INFO] Downloading from central-https: https://repo.maven.apache.org/maven2/org/springframework/boot/spring-boot-starter-quartz/2.1.3.RELEASE/spring-boot-starter-quartz-2.1.3.RELEASE.jar
[INFO] Downloaded from central-https: https://repo.maven.apache.org/maven2/org/glassfish/jaxb/txw2/2.3.1/txw2-2.3.1.jar (70 kB at 12 kB/s)
[INFO] Downloading from central-https: https://repo.maven.apache.org/maven2/org/springframework/spring-tx/5.1.5.RELEASE/spring-tx-5.1.5.RELEASE.jar
[INFO] Downloaded from central-https: https://repo.maven.apache.org/maven2/org/jvnet/staxex/stax-ex/1.8/stax-ex-1.8.jar (36 kB at 5.9 kB/s)
[INFO] Downloading from central-https: https://repo.maven.apache.org/maven2/org/quartz-scheduler/quartz/2.3.0/quartz-2.3.0.jar
[INFO] Downloaded from central-https: https://repo.maven.apache.org/maven2/org/jboss/logging/jboss-logging/3.3.2.Final/jboss-logging-3.3.2.Final.jar (66 kB at 11 kB/s)
[INFO] Downloading from central-https: https://repo.maven.apache.org/maven2/com/mchange/mchange-commons-java/0.2.11/mchange-commons-java-0.2.11.jar
[INFO] Downloaded from central-https: https://repo.maven.apache.org/maven2/com/sun/xml/fastinfoset/FastInfoset/1.2.15/FastInfoset-1.2.15.jar (312 kB at 50 kB/s)
[INFO] Downloading from central-https: https://repo.maven.apache.org/maven2/com/auth0/java-jwt/3.7.0/java-jwt-3.7.0.jar
[INFO] Downloaded from central-https: https://repo.maven.apache.org/maven2/org/springframework/spring-tx/5.1.5.RELEASE/spring-tx-5.1.5.RELEASE.jar (256 kB at 41 kB/s)
[INFO] Downloading from central-https: https://repo.maven.apache.org/maven2/com/fasterxml/jackson/core/jackson-databind/2.9.8/jackson-databind-2.9.8.jar
[INFO] Downloaded from central-https: https://repo.maven.apache.org/maven2/org/quartz-scheduler/quartz/2.3.0/quartz-2.3.0.jar (691 kB at 109 kB/s)
[INFO] Downloading from central-https: https://repo.maven.apache.org/maven2/commons-codec/commons-codec/1.11/commons-codec-1.11.jar
[INFO] Downloaded from central-https: https://repo.maven.apache.org/maven2/org/springframework/boot/spring-boot-starter-quartz/2.1.3.RELEASE/spring-boot-starter-quartz-2.1.3.RELEASE.jar (408 B at 64 B/s)
[INFO] Downloading from central-https: https://repo.maven.apache.org/maven2/org/apache/shiro/shiro-spring-boot-starter/1.13.0/shiro-spring-boot-starter-1.13.0.jar
[INFO] Downloaded from central-https: https://repo.maven.apache.org/maven2/com/mchange/mchange-commons-java/0.2.11/mchange-commons-java-0.2.11.jar (606 kB at 94 kB/s)
[INFO] Downloading from central-https: https://repo.maven.apache.org/maven2/org/apache/shiro/shiro-spring/1.13.0/shiro-spring-1.13.0.jar
[INFO] Downloaded from central-https: https://repo.maven.apache.org/maven2/com/auth0/java-jwt/3.7.0/java-jwt-3.7.0.jar (52 kB at 8.1 kB/s)
[INFO] Downloading from central-https: https://repo.maven.apache.org/maven2/org/apache/shiro/shiro-core/1.13.0/shiro-core-1.13.0.jar
[INFO] Downloaded from central-https: https://repo.maven.apache.org/maven2/org/apache/shiro/shiro-spring-boot-starter/1.13.0/shiro-spring-boot-starter-1.13.0.jar (21 kB at 3.2 kB/s)
[INFO] Downloading from central-https: https://repo.maven.apache.org/maven2/org/apache/shiro/shiro-lang/1.13.0/shiro-lang-1.13.0.jar
[INFO] Downloaded from central-https: https://repo.maven.apache.org/maven2/commons-codec/commons-codec/1.11/commons-codec-1.11.jar (335 kB at 51 kB/s)
[INFO] Downloading from central-https: https://repo.maven.apache.org/maven2/org/apache/shiro/shiro-cache/1.13.0/shiro-cache-1.13.0.jar
[INFO] Downloaded from central-https: https://repo.maven.apache.org/maven2/org/apache/shiro/shiro-spring/1.13.0/shiro-spring-1.13.0.jar (44 kB at 6.7 kB/s)
[INFO] Downloading from central-https: https://repo.maven.apache.org/maven2/org/apache/shiro/shiro-crypto-hash/1.13.0/shiro-crypto-hash-1.13.0.jar
[INFO] Downloaded from central-https: https://repo.maven.apache.org/maven2/org/apache/shiro/shiro-core/1.13.0/shiro-core-1.13.0.jar (425 kB at 64 kB/s)
[INFO] Downloading from central-https: https://repo.maven.apache.org/maven2/org/apache/shiro/shiro-crypto-core/1.13.0/shiro-crypto-core-1.13.0.jar
[INFO] Downloaded from central-https: https://repo.maven.apache.org/maven2/org/apache/shiro/shiro-lang/1.13.0/shiro-lang-1.13.0.jar (52 kB at 7.8 kB/s)
[INFO] Downloading from central-https: https://repo.maven.apache.org/maven2/org/apache/shiro/shiro-crypto-cipher/1.13.0/shiro-crypto-cipher-1.13.0.jar
[INFO] Downloaded from central-https: https://repo.maven.apache.org/maven2/org/apache/shiro/shiro-cache/1.13.0/shiro-cache-1.13.0.jar (14 kB at 2.1 kB/s)
[INFO] Downloading from central-https: https://repo.maven.apache.org/maven2/org/apache/shiro/shiro-config-core/1.13.0/shiro-config-core-1.13.0.jar
[INFO] Downloaded from central-https: https://repo.maven.apache.org/maven2/com/fasterxml/jackson/core/jackson-databind/2.9.8/jackson-databind-2.9.8.jar (1.3 MB at 201 kB/s)
[INFO] Downloading from central-https: https://repo.maven.apache.org/maven2/org/apache/shiro/shiro-config-ogdl/1.13.0/shiro-config-ogdl-1.13.0.jar
[INFO] Downloaded from central-https: https://repo.maven.apache.org/maven2/org/apache/shiro/shiro-crypto-hash/1.13.0/shiro-crypto-hash-1.13.0.jar (35 kB at 5.1 kB/s)
[INFO] Downloading from central-https: https://repo.maven.apache.org/maven2/org/apache/shiro/shiro-event/1.13.0/shiro-event-1.13.0.jar
[INFO] Downloaded from central-https: https://repo.maven.apache.org/maven2/org/apache/shiro/shiro-crypto-core/1.13.0/shiro-crypto-core-1.13.0.jar (11 kB at 1.6 kB/s)
[INFO] Downloading from central-https: https://repo.maven.apache.org/maven2/org/apache/shiro/shiro-web/1.13.0/shiro-web-1.13.0.jar
[INFO] Downloaded from central-https: https://repo.maven.apache.org/maven2/org/apache/shiro/shiro-crypto-cipher/1.13.0/shiro-crypto-cipher-1.13.0.jar (25 kB at 3.6 kB/s)
[INFO] Downloading from central-https: https://repo.maven.apache.org/maven2/org/owasp/encoder/encoder/1.2.3/encoder-1.2.3.jar
[INFO] Downloaded from central-https: https://repo.maven.apache.org/maven2/org/apache/shiro/shiro-config-core/1.13.0/shiro-config-core-1.13.0.jar (18 kB at 2.7 kB/s)
[INFO] Downloading from central-https: https://repo.maven.apache.org/maven2/org/crazycake/shiro-redis/3.1.0/shiro-redis-3.1.0.jar
[INFO] Downloaded from central-https: https://repo.maven.apache.org/maven2/org/apache/shiro/shiro-config-ogdl/1.13.0/shiro-config-ogdl-1.13.0.jar (44 kB at 6.4 kB/s)
[INFO] Downloading from central-https: https://repo.maven.apache.org/maven2/redis/clients/jedis/2.9.1/jedis-2.9.1.jar
[INFO] Downloaded from central-https: https://repo.maven.apache.org/maven2/org/apache/shiro/shiro-event/1.13.0/shiro-event-1.13.0.jar (19 kB at 2.8 kB/s)
[INFO] Downloading from central-https: https://repo.maven.apache.org/maven2/com/puppycrawl/tools/checkstyle/8.3/checkstyle-8.3.jar
[INFO] Downloaded from central-https: https://repo.maven.apache.org/maven2/org/owasp/encoder/encoder/1.2.3/encoder-1.2.3.jar (38 kB at 5.4 kB/s)
[INFO] Downloading from central-https: https://repo.maven.apache.org/maven2/org/antlr/antlr4-runtime/4.7/antlr4-runtime-4.7.jar
[INFO] Downloaded from central-https: https://repo.maven.apache.org/maven2/org/apache/shiro/shiro-web/1.13.0/shiro-web-1.13.0.jar (168 kB at 24 kB/s)
[INFO] Downloading from central-https: https://repo.maven.apache.org/maven2/commons-beanutils/commons-beanutils/1.9.3/commons-beanutils-1.9.3.jar
[INFO] Downloaded from central-https: https://repo.maven.apache.org/maven2/org/crazycake/shiro-redis/3.1.0/shiro-redis-3.1.0.jar (29 kB at 4.1 kB/s)
[INFO] Downloading from central-https: https://repo.maven.apache.org/maven2/commons-logging/commons-logging/1.2/commons-logging-1.2.jar
[INFO] Downloaded from central-https: https://repo.maven.apache.org/maven2/redis/clients/jedis/2.9.1/jedis-2.9.1.jar (564 kB at 78 kB/s)
[INFO] Downloading from central-https: https://repo.maven.apache.org/maven2/commons-collections/commons-collections/3.2.2/commons-collections-3.2.2.jar
[INFO] Downloaded from central-https: https://repo.maven.apache.org/maven2/org/antlr/antlr4-runtime/4.7/antlr4-runtime-4.7.jar (335 kB at 46 kB/s)
[INFO] Downloading from central-https: https://repo.maven.apache.org/maven2/commons-cli/commons-cli/1.4/commons-cli-1.4.jar
[INFO] Downloaded from central-https: https://repo.maven.apache.org/maven2/commons-beanutils/commons-beanutils/1.9.3/commons-beanutils-1.9.3.jar (246 kB at 34 kB/s)
[INFO] Downloading from central-https: https://repo.maven.apache.org/maven2/net/sf/saxon/Saxon-HE/9.8.0-4/Saxon-HE-9.8.0-4.jar
[INFO] Downloaded from central-https: https://repo.maven.apache.org/maven2/commons-logging/commons-logging/1.2/commons-logging-1.2.jar (62 kB at 8.5 kB/s)
[INFO] Downloading from central-https: https://repo.maven.apache.org/maven2/io/springfox/springfox-swagger2/2.9.2/springfox-swagger2-2.9.2.jar
[INFO] Downloaded from central-https: https://repo.maven.apache.org/maven2/com/puppycrawl/tools/checkstyle/8.3/checkstyle-8.3.jar (1.2 MB at 169 kB/s)
[INFO] Downloading from central-https: https://repo.maven.apache.org/maven2/io/springfox/springfox-spi/2.9.2/springfox-spi-2.9.2.jar
[INFO] Downloaded from central-https: https://repo.maven.apache.org/maven2/commons-cli/commons-cli/1.4/commons-cli-1.4.jar (54 kB at 7.3 kB/s)
[INFO] Downloading from central-https: https://repo.maven.apache.org/maven2/io/springfox/springfox-core/2.9.2/springfox-core-2.9.2.jar
[INFO] Downloaded from central-https: https://repo.maven.apache.org/maven2/io/springfox/springfox-swagger2/2.9.2/springfox-swagger2-2.9.2.jar (68 kB at 9.1 kB/s)
[INFO] Downloading from central-https: https://repo.maven.apache.org/maven2/io/springfox/springfox-schema/2.9.2/springfox-schema-2.9.2.jar
[INFO] Downloaded from central-https: https://repo.maven.apache.org/maven2/io/springfox/springfox-spi/2.9.2/springfox-spi-2.9.2.jar (54 kB at 7.2 kB/s)
[INFO] Downloading from central-https: https://repo.maven.apache.org/maven2/io/springfox/springfox-swagger-common/2.9.2/springfox-swagger-common-2.9.2.jar
[INFO] Downloaded from central-https: https://repo.maven.apache.org/maven2/commons-collections/commons-collections/3.2.2/commons-collections-3.2.2.jar (588 kB at 79 kB/s)
[INFO] Downloading from central-https: https://repo.maven.apache.org/maven2/io/springfox/springfox-spring-web/2.9.2/springfox-spring-web-2.9.2.jar
[INFO] Downloaded from central-https: https://repo.maven.apache.org/maven2/io/springfox/springfox-core/2.9.2/springfox-core-2.9.2.jar (117 kB at 15 kB/s)
[INFO] Downloading from central-https: https://repo.maven.apache.org/maven2/org/springframework/plugin/spring-plugin-core/1.2.0.RELEASE/spring-plugin-core-1.2.0.RELEASE.jar
[INFO] Downloaded from central-https: https://repo.maven.apache.org/maven2/io/springfox/springfox-schema/2.9.2/springfox-schema-2.9.2.jar (84 kB at 11 kB/s)
[INFO] Downloading from central-https: https://repo.maven.apache.org/maven2/org/springframework/plugin/spring-plugin-metadata/1.2.0.RELEASE/spring-plugin-metadata-1.2.0.RELEASE.jar
[INFO] Downloaded from central-https: https://repo.maven.apache.org/maven2/io/springfox/springfox-swagger-common/2.9.2/springfox-swagger-common-2.9.2.jar (107 kB at 14 kB/s)
[INFO] Downloading from central-https: https://repo.maven.apache.org/maven2/org/mapstruct/mapstruct/1.2.0.Final/mapstruct-1.2.0.Final.jar
[INFO] Downloaded from central-https: https://repo.maven.apache.org/maven2/io/springfox/springfox-spring-web/2.9.2/springfox-spring-web-2.9.2.jar (195 kB at 25 kB/s)
[INFO] Downloading from central-https: https://repo.maven.apache.org/maven2/io/springfox/springfox-swagger-ui/2.9.2/springfox-swagger-ui-2.9.2.jar
[INFO] Downloaded from central-https: https://repo.maven.apache.org/maven2/org/springframework/plugin/spring-plugin-core/1.2.0.RELEASE/spring-plugin-core-1.2.0.RELEASE.jar (20 kB at 2.6 kB/s)
[INFO] Downloading from central-https: https://repo.maven.apache.org/maven2/com/github/xiaoymin/swagger-bootstrap-ui/1.9.3/swagger-bootstrap-ui-1.9.3.jar
[INFO] Downloaded from central-https: https://repo.maven.apache.org/maven2/org/springframework/plugin/spring-plugin-metadata/1.2.0.RELEASE/spring-plugin-metadata-1.2.0.RELEASE.jar (5.1 kB at 657 B/s)
[INFO] Downloaded from central-https: https://repo.maven.apache.org/maven2/org/mapstruct/mapstruct/1.2.0.Final/mapstruct-1.2.0.Final.jar (21 kB at 2.6 kB/s)
[INFO] Downloading from central-https: https://repo.maven.apache.org/maven2/io/springfox/springfox-bean-validators/2.9.2/springfox-bean-validators-2.9.2.jar
[INFO] Downloading from central-https: https://repo.maven.apache.org/maven2/io/swagger/swagger-annotations/1.5.22/swagger-annotations-1.5.22.jar
[INFO] Downloaded from central-https: https://repo.maven.apache.org/maven2/net/sf/saxon/Saxon-HE/9.8.0-4/Saxon-HE-9.8.0-4.jar (5.0 MB at 638 kB/s)
[INFO] Downloading from central-https: https://repo.maven.apache.org/maven2/io/swagger/swagger-models/1.5.22/swagger-models-1.5.22.jar
[INFO] Downloaded from central-https: https://repo.maven.apache.org/maven2/com/github/xiaoymin/swagger-bootstrap-ui/1.9.3/swagger-bootstrap-ui-1.9.3.jar (819 kB at 103 kB/s)
[INFO] Downloading from central-https: https://repo.maven.apache.org/maven2/com/fasterxml/jackson/core/jackson-annotations/2.9.0/jackson-annotations-2.9.0.jar
[INFO] Downloaded from central-https: https://repo.maven.apache.org/maven2/io/springfox/springfox-bean-validators/2.9.2/springfox-bean-validators-2.9.2.jar (23 kB at 2.9 kB/s)
[INFO] Downloading from central-https: https://repo.maven.apache.org/maven2/org/springframework/boot/spring-boot-starter-data-redis/2.1.3.RELEASE/spring-boot-starter-data-redis-2.1.3.RELEASE.jar
[INFO] Downloaded from central-https: https://repo.maven.apache.org/maven2/io/swagger/swagger-annotations/1.5.22/swagger-annotations-1.5.22.jar (22 kB at 2.7 kB/s)
[INFO] Downloading from central-https: https://repo.maven.apache.org/maven2/org/springframework/data/spring-data-redis/2.1.5.RELEASE/spring-data-redis-2.1.5.RELEASE.jar
[INFO] Downloaded from central-https: https://repo.maven.apache.org/maven2/io/swagger/swagger-models/1.5.22/swagger-models-1.5.22.jar (155 kB at 19 kB/s)
[INFO] Downloading from central-https: https://repo.maven.apache.org/maven2/org/springframework/data/spring-data-keyvalue/2.1.5.RELEASE/spring-data-keyvalue-2.1.5.RELEASE.jar
[INFO] Downloaded from central-https: https://repo.maven.apache.org/maven2/com/fasterxml/jackson/core/jackson-annotations/2.9.0/jackson-annotations-2.9.0.jar (67 kB at 8.2 kB/s)
[INFO] Downloading from central-https: https://repo.maven.apache.org/maven2/org/springframework/data/spring-data-commons/2.1.5.RELEASE/spring-data-commons-2.1.5.RELEASE.jar
[INFO] Downloaded from central-https: https://repo.maven.apache.org/maven2/org/springframework/boot/spring-boot-starter-data-redis/2.1.3.RELEASE/spring-boot-starter-data-redis-2.1.3.RELEASE.jar (415 B at 50 B/s)
[INFO] Downloading from central-https: https://repo.maven.apache.org/maven2/org/springframework/spring-oxm/5.1.5.RELEASE/spring-oxm-5.1.5.RELEASE.jar
[INFO] Downloaded from central-https: https://repo.maven.apache.org/maven2/org/springframework/data/spring-data-keyvalue/2.1.5.RELEASE/spring-data-keyvalue-2.1.5.RELEASE.jar (105 kB at 13 kB/s)
[INFO] Downloading from central-https: https://repo.maven.apache.org/maven2/io/lettuce/lettuce-core/5.1.4.RELEASE/lettuce-core-5.1.4.RELEASE.jar
[INFO] Downloaded from central-https: https://repo.maven.apache.org/maven2/org/springframework/data/spring-data-redis/2.1.5.RELEASE/spring-data-redis-2.1.5.RELEASE.jar (1.4 MB at 173 kB/s)
[INFO] Downloading from central-https: https://repo.maven.apache.org/maven2/io/netty/netty-common/4.1.33.Final/netty-common-4.1.33.Final.jar
[INFO] Downloaded from central-https: https://repo.maven.apache.org/maven2/org/springframework/spring-oxm/5.1.5.RELEASE/spring-oxm-5.1.5.RELEASE.jar (72 kB at 8.6 kB/s)
[INFO] Downloading from central-https: https://repo.maven.apache.org/maven2/io/netty/netty-handler/4.1.33.Final/netty-handler-4.1.33.Final.jar
[INFO] Downloaded from central-https: https://repo.maven.apache.org/maven2/org/springframework/data/spring-data-commons/2.1.5.RELEASE/spring-data-commons-2.1.5.RELEASE.jar (1.2 MB at 139 kB/s)
[INFO] Downloading from central-https: https://repo.maven.apache.org/maven2/io/netty/netty-buffer/4.1.33.Final/netty-buffer-4.1.33.Final.jar
[INFO] Downloaded from central-https: https://repo.maven.apache.org/maven2/io/springfox/springfox-swagger-ui/2.9.2/springfox-swagger-ui-2.9.2.jar (2.9 MB at 347 kB/s)
[INFO] Downloading from central-https: https://repo.maven.apache.org/maven2/io/netty/netty-codec/4.1.33.Final/netty-codec-4.1.33.Final.jar
[INFO] Downloaded from central-https: https://repo.maven.apache.org/maven2/io/netty/netty-common/4.1.33.Final/netty-common-4.1.33.Final.jar (588 kB at 69 kB/s)
[INFO] Downloading from central-https: https://repo.maven.apache.org/maven2/io/netty/netty-transport/4.1.33.Final/netty-transport-4.1.33.Final.jar
[INFO] Downloaded from central-https: https://repo.maven.apache.org/maven2/io/netty/netty-buffer/4.1.33.Final/netty-buffer-4.1.33.Final.jar (279 kB at 33 kB/s)
[INFO] Downloading from central-https: https://repo.maven.apache.org/maven2/io/netty/netty-resolver/4.1.33.Final/netty-resolver-4.1.33.Final.jar
[INFO] Downloaded from central-https: https://repo.maven.apache.org/maven2/io/lettuce/lettuce-core/5.1.4.RELEASE/lettuce-core-5.1.4.RELEASE.jar (1.4 MB at 158 kB/s)
[INFO] Downloading from central-https: https://repo.maven.apache.org/maven2/io/projectreactor/reactor-core/3.2.6.RELEASE/reactor-core-3.2.6.RELEASE.jar
[INFO] Downloaded from central-https: https://repo.maven.apache.org/maven2/io/netty/netty-codec/4.1.33.Final/netty-codec-4.1.33.Final.jar (317 kB at 37 kB/s)
[INFO] Downloading from central-https: https://repo.maven.apache.org/maven2/org/reactivestreams/reactive-streams/1.0.2/reactive-streams-1.0.2.jar
[INFO] Downloaded from central-https: https://repo.maven.apache.org/maven2/io/netty/netty-handler/4.1.33.Final/netty-handler-4.1.33.Final.jar (421 kB at 49 kB/s)
[INFO] Downloading from central-https: https://repo.maven.apache.org/maven2/org/apache/commons/commons-pool2/2.6.1/commons-pool2-2.6.1.jar
[INFO] Downloaded from central-https: https://repo.maven.apache.org/maven2/io/netty/netty-resolver/4.1.33.Final/netty-resolver-4.1.33.Final.jar (33 kB at 3.8 kB/s)
[INFO] Downloading from central-https: https://repo.maven.apache.org/maven2/org/jeecgframework/boot/codegenerate/1.2.0/codegenerate-1.2.0.jar
[INFO] Downloaded from central-https: https://repo.maven.apache.org/maven2/io/netty/netty-transport/4.1.33.Final/netty-transport-4.1.33.Final.jar (464 kB at 53 kB/s)
[INFO] Downloading from central-https: https://repo.maven.apache.org/maven2/org/jeecgframework/autopoi-web/1.1.1/autopoi-web-1.1.1.jar
[INFO] Downloaded from central-https: https://repo.maven.apache.org/maven2/org/reactivestreams/reactive-streams/1.0.2/reactive-streams-1.0.2.jar (2.1 kB at 239 B/s)
[INFO] Downloading from central-https: https://repo.maven.apache.org/maven2/org/jeecgframework/autopoi/1.1.1/autopoi-1.1.1.jar
[INFO] Downloaded from central-https: https://repo.maven.apache.org/maven2/org/apache/commons/commons-pool2/2.6.1/commons-pool2-2.6.1.jar (130 kB at 15 kB/s)
[INFO] Downloading from central-https: https://repo.maven.apache.org/maven2/org/apache/poi/poi/3.9/poi-3.9.jar
[INFO] Downloaded from central-https: https://repo.maven.apache.org/maven2/io/projectreactor/reactor-core/3.2.6.RELEASE/reactor-core-3.2.6.RELEASE.jar (1.5 MB at 165 kB/s)
[INFO] Downloading from central-https: https://repo.maven.apache.org/maven2/org/apache/poi/poi-ooxml/3.9/poi-ooxml-3.9.jar
[INFO] Downloading from central-https: https://repo.maven.apache.org/maven2/dom4j/dom4j/1.6.1/dom4j-1.6.1.jar
[INFO] Downloading from central-https: https://repo.maven.apache.org/maven2/org/apache/poi/poi-ooxml-schemas/3.9/poi-ooxml-schemas-3.9.jar
[INFO] Downloading from central-https: https://repo.maven.apache.org/maven2/org/apache/xmlbeans/xmlbeans/2.3.0/xmlbeans-2.3.0.jar
[INFO] Downloaded from central-https: https://repo.maven.apache.org/maven2/dom4j/dom4j/1.6.1/dom4j-1.6.1.jar (314 kB at 34 kB/s)
[INFO] Downloading from central-https: https://repo.maven.apache.org/maven2/xerces/xercesImpl/2.9.1/xercesImpl-2.9.1.jar
[INFO] Downloaded from central-https: https://repo.maven.apache.org/maven2/org/apache/poi/poi-ooxml/3.9/poi-ooxml-3.9.jar (937 kB at 102 kB/s)
[INFO] Downloading from central-https: https://repo.maven.apache.org/maven2/xml-apis/xml-apis/1.4.01/xml-apis-1.4.01.jar
[INFO] Downloaded from central-https: https://repo.maven.apache.org/maven2/org/apache/poi/poi/3.9/poi-3.9.jar (1.9 MB at 202 kB/s)
[INFO] Downloading from central-https: https://repo.maven.apache.org/maven2/org/apache/poi/poi-scratchpad/3.9/poi-scratchpad-3.9.jar
[INFO] Downloaded from central-https: https://repo.maven.apache.org/maven2/org/apache/xmlbeans/xmlbeans/2.3.0/xmlbeans-2.3.0.jar (2.7 MB at 286 kB/s)
[INFO] Downloading from central-https: https://repo.maven.apache.org/maven2/org/apache/commons/commons-lang3/3.8.1/commons-lang3-3.8.1.jar
[INFO] Downloaded from central-https: https://repo.maven.apache.org/maven2/xml-apis/xml-apis/1.4.01/xml-apis-1.4.01.jar (221 kB at 23 kB/s)
[INFO] Downloading from central-https: https://repo.maven.apache.org/maven2/cn/hutool/hutool-all/4.5.11/hutool-all-4.5.11.jar
[INFO] Downloaded from central-https: https://repo.maven.apache.org/maven2/org/apache/commons/commons-lang3/3.8.1/commons-lang3-3.8.1.jar (502 kB at 53 kB/s)
[INFO] Downloading from central-https: https://repo.maven.apache.org/maven2/io/minio/minio/4.0.0/minio-4.0.0.jar
[INFO] Downloaded from central-https: https://repo.maven.apache.org/maven2/xerces/xercesImpl/2.9.1/xercesImpl-2.9.1.jar (1.2 MB at 126 kB/s)
[INFO] Downloading from central-https: https://repo.maven.apache.org/maven2/com/google/http-client/google-http-client-xml/1.20.0/google-http-client-xml-1.20.0.jar
[INFO] Downloaded from central-https: https://repo.maven.apache.org/maven2/io/minio/minio/4.0.0/minio-4.0.0.jar (122 kB at 12 kB/s)
[INFO] Downloading from central-https: https://repo.maven.apache.org/maven2/com/google/http-client/google-http-client/1.20.0/google-http-client-1.20.0.jar
[INFO] Downloaded from central-https: https://repo.maven.apache.org/maven2/org/apache/poi/poi-scratchpad/3.9/poi-scratchpad-3.9.jar (1.2 MB at 124 kB/s)
[INFO] Downloading from central-https: https://repo.maven.apache.org/maven2/xpp3/xpp3/1.1.4c/xpp3-1.1.4c.jar
[INFO] Downloaded from central-https: https://repo.maven.apache.org/maven2/cn/hutool/hutool-all/4.5.11/hutool-all-4.5.11.jar (1.5 MB at 147 kB/s)
[INFO] Downloading from central-https: https://repo.maven.apache.org/maven2/com/squareup/okhttp3/okhttp/3.7.0/okhttp-3.7.0.jar
[INFO] Downloaded from central-https: https://repo.maven.apache.org/maven2/org/apache/poi/poi-ooxml-schemas/3.9/poi-ooxml-schemas-3.9.jar (4.8 MB at 483 kB/s)
[INFO] Downloading from central-https: https://repo.maven.apache.org/maven2/com/squareup/okio/okio/1.12.0/okio-1.12.0.jar
[INFO] Downloaded from central-https: https://repo.maven.apache.org/maven2/com/google/http-client/google-http-client/1.20.0/google-http-client-1.20.0.jar (287 kB at 29 kB/s)
[INFO] Downloading from central-https: https://repo.maven.apache.org/maven2/joda-time/joda-time/2.10.1/joda-time-2.10.1.jar
[INFO] Downloaded from central-https: https://repo.maven.apache.org/maven2/xpp3/xpp3/1.1.4c/xpp3-1.1.4c.jar (120 kB at 12 kB/s)
[INFO] Downloading from central-https: https://repo.maven.apache.org/maven2/com/fasterxml/jackson/core/jackson-core/2.9.8/jackson-core-2.9.8.jar
[INFO] Downloaded from central-https: https://repo.maven.apache.org/maven2/com/squareup/okio/okio/1.12.0/okio-1.12.0.jar (81 kB at 8.0 kB/s)
[INFO] Downloading from central-https: https://repo.maven.apache.org/maven2/com/google/code/findbugs/annotations/3.0.1/annotations-3.0.1.jar
[INFO] Downloaded from central-https: https://repo.maven.apache.org/maven2/com/squareup/okhttp3/okhttp/3.7.0/okhttp-3.7.0.jar (395 kB at 39 kB/s)
[INFO] Downloading from central-https: https://repo.maven.apache.org/maven2/net/jcip/jcip-annotations/1.0/jcip-annotations-1.0.jar
[INFO] Downloaded from central-https: https://repo.maven.apache.org/maven2/joda-time/joda-time/2.10.1/joda-time-2.10.1.jar (641 kB at 63 kB/s)
[INFO] Downloading from central-https: https://repo.maven.apache.org/maven2/com/google/guava/guava/30.0-jre/guava-30.0-jre.jar
[INFO] Downloaded from central-https: https://repo.maven.apache.org/maven2/net/jcip/jcip-annotations/1.0/jcip-annotations-1.0.jar (2.3 kB at 218 B/s)
[INFO] Downloading from central-https: https://repo.maven.apache.org/maven2/com/google/guava/failureaccess/1.0.1/failureaccess-1.0.1.jar
[INFO] Downloaded from central-https: https://repo.maven.apache.org/maven2/com/google/code/findbugs/annotations/3.0.1/annotations-3.0.1.jar (39 kB at 3.8 kB/s)
[INFO] Downloading from central-https: https://repo.maven.apache.org/maven2/com/google/guava/listenablefuture/9999.0-empty-to-avoid-conflict-with-guava/listenablefuture-9999.0-empty-to-avoid-conflict-with-guava.jar
[INFO] Downloaded from central-https: https://repo.maven.apache.org/maven2/com/fasterxml/jackson/core/jackson-core/2.9.8/jackson-core-2.9.8.jar (326 kB at 32 kB/s)
[INFO] Downloading from central-https: https://repo.maven.apache.org/maven2/com/google/code/findbugs/jsr305/3.0.2/jsr305-3.0.2.jar
[INFO] Downloaded from central-https: https://repo.maven.apache.org/maven2/com/google/guava/failureaccess/1.0.1/failureaccess-1.0.1.jar (4.6 kB at 440 B/s)
[INFO] Downloading from central-https: https://repo.maven.apache.org/maven2/com/google/errorprone/error_prone_annotations/2.3.4/error_prone_annotations-2.3.4.jar
[INFO] Downloaded from central-https: https://repo.maven.apache.org/maven2/com/google/guava/guava/30.0-jre/guava-30.0-jre.jar (2.9 MB at 272 kB/s)
[INFO] Downloading from central-https: https://repo.maven.apache.org/maven2/com/google/j2objc/j2objc-annotations/1.3/j2objc-annotations-1.3.jar
[INFO] Downloaded from central-https: https://repo.maven.apache.org/maven2/com/google/code/findbugs/jsr305/3.0.2/jsr305-3.0.2.jar (20 kB at 1.9 kB/s)
[INFO] Downloading from central-https: https://repo.maven.apache.org/maven2/com/aliyun/aliyun-java-sdk-dysmsapi/1.0.0/aliyun-java-sdk-dysmsapi-1.0.0.jar
[INFO] Downloaded from central-https: https://repo.maven.apache.org/maven2/com/google/guava/listenablefuture/9999.0-empty-to-avoid-conflict-with-guava/listenablefuture-9999.0-empty-to-avoid-conflict-with-guava.jar (2.2 kB at 208 B/s)
[INFO] Downloading from central-https: https://repo.maven.apache.org/maven2/org/springframework/boot/spring-boot-starter-websocket/2.1.3.RELEASE/spring-boot-starter-websocket-2.1.3.RELEASE.jar
[INFO] Downloaded from central-https: https://repo.maven.apache.org/maven2/com/google/errorprone/error_prone_annotations/2.3.4/error_prone_annotations-2.3.4.jar (14 kB at 1.3 kB/s)
[INFO] Downloading from central-https: https://repo.maven.apache.org/maven2/org/springframework/spring-messaging/5.1.5.RELEASE/spring-messaging-5.1.5.RELEASE.jar
[INFO] Downloaded from central-https: https://repo.maven.apache.org/maven2/com/google/j2objc/j2objc-annotations/1.3/j2objc-annotations-1.3.jar (8.8 kB at 822 B/s)
[INFO] Downloading from central-https: https://repo.maven.apache.org/maven2/org/springframework/spring-websocket/5.1.5.RELEASE/spring-websocket-5.1.5.RELEASE.jar
[INFO] Downloaded from central-https: https://repo.maven.apache.org/maven2/com/aliyun/aliyun-java-sdk-dysmsapi/1.0.0/aliyun-java-sdk-dysmsapi-1.0.0.jar (18 kB at 1.7 kB/s)
[INFO] Downloading from central-https: https://repo.maven.apache.org/maven2/com/aliyun/oss/aliyun-sdk-oss/3.6.0/aliyun-sdk-oss-3.6.0.jar
[INFO] Downloaded from central-https: https://repo.maven.apache.org/maven2/org/springframework/boot/spring-boot-starter-websocket/2.1.3.RELEASE/spring-boot-starter-websocket-2.1.3.RELEASE.jar (411 B at 38 B/s)
[INFO] Downloading from central-https: https://repo.maven.apache.org/maven2/org/apache/httpcomponents/httpclient/4.5.7/httpclient-4.5.7.jar
[INFO] Downloaded from central-https: https://repo.maven.apache.org/maven2/org/springframework/spring-messaging/5.1.5.RELEASE/spring-messaging-5.1.5.RELEASE.jar (383 kB at 35 kB/s)
[INFO] Downloading from central-https: https://repo.maven.apache.org/maven2/org/apache/httpcomponents/httpcore/4.4.11/httpcore-4.4.11.jar
[INFO] Downloaded from central-https: https://repo.maven.apache.org/maven2/org/springframework/spring-websocket/5.1.5.RELEASE/spring-websocket-5.1.5.RELEASE.jar (417 kB at 38 kB/s)
[INFO] Downloading from central-https: https://repo.maven.apache.org/maven2/org/jdom/jdom/1.1/jdom-1.1.jar
[INFO] Downloaded from central-https: https://repo.maven.apache.org/maven2/org/apache/httpcomponents/httpclient/4.5.7/httpclient-4.5.7.jar (768 kB at 70 kB/s)
[INFO] Downloading from central-https: https://repo.maven.apache.org/maven2/org/codehaus/jettison/jettison/1.1/jettison-1.1.jar
[INFO] Downloaded from central-https: https://repo.maven.apache.org/maven2/com/aliyun/oss/aliyun-sdk-oss/3.6.0/aliyun-sdk-oss-3.6.0.jar (615 kB at 56 kB/s)
[INFO] Downloading from central-https: https://repo.maven.apache.org/maven2/stax/stax-api/1.0.1/stax-api-1.0.1.jar
[INFO] Downloaded from central-https: https://repo.maven.apache.org/maven2/org/jdom/jdom/1.1/jdom-1.1.jar (153 kB at 14 kB/s)
[INFO] Downloading from central-https: https://repo.maven.apache.org/maven2/com/aliyun/aliyun-java-sdk-core/3.4.0/aliyun-java-sdk-core-3.4.0.jar
[INFO] Downloaded from central-https: https://repo.maven.apache.org/maven2/org/apache/httpcomponents/httpcore/4.4.11/httpcore-4.4.11.jar (327 kB at 30 kB/s)
[INFO] Downloading from central-https: https://repo.maven.apache.org/maven2/com/aliyun/aliyun-java-sdk-ram/3.0.0/aliyun-java-sdk-ram-3.0.0.jar
[INFO] Downloaded from central-https: https://repo.maven.apache.org/maven2/org/codehaus/jettison/jettison/1.1/jettison-1.1.jar (68 kB at 6.1 kB/s)
[INFO] Downloading from central-https: https://repo.maven.apache.org/maven2/com/aliyun/aliyun-java-sdk-sts/3.0.0/aliyun-java-sdk-sts-3.0.0.jar
[INFO] Downloaded from central-https: https://repo.maven.apache.org/maven2/stax/stax-api/1.0.1/stax-api-1.0.1.jar (27 kB at 2.4 kB/s)
[INFO] Downloading from central-https: https://repo.maven.apache.org/maven2/com/aliyun/aliyun-java-sdk-ecs/4.2.0/aliyun-java-sdk-ecs-4.2.0.jar
[INFO] Downloaded from central-https: https://repo.maven.apache.org/maven2/com/aliyun/aliyun-java-sdk-core/3.4.0/aliyun-java-sdk-core-3.4.0.jar (116 kB at 10 kB/s)
[INFO] Downloading from central-https: https://repo.maven.apache.org/maven2/net/dongliu/requests/4.18.1/requests-4.18.1.jar
[INFO] Downloaded from central-https: https://repo.maven.apache.org/maven2/com/aliyun/aliyun-java-sdk-ram/3.0.0/aliyun-java-sdk-ram-3.0.0.jar (215 kB at 19 kB/s)
[INFO] Downloading from central-https: https://repo.maven.apache.org/maven2/com/qiniu/qiniu-java-sdk/7.2.23/qiniu-java-sdk-7.2.23.jar
[INFO] Downloaded from central-https: https://repo.maven.apache.org/maven2/com/google/http-client/google-http-client-xml/1.20.0/google-http-client-xml-1.20.0.jar (28 kB at 2.5 kB/s)
[INFO] Downloading from central-https: https://repo.maven.apache.org/maven2/com/google/code/gson/gson/2.8.5/gson-2.8.5.jar
[INFO] Downloaded from central-https: https://repo.maven.apache.org/maven2/com/aliyun/aliyun-java-sdk-sts/3.0.0/aliyun-java-sdk-sts-3.0.0.jar (13 kB at 1.2 kB/s)
[INFO] Downloading from central-https: https://repo.maven.apache.org/maven2/com/github/liyiorg/weixin-popular/2.8.30/weixin-popular-2.8.30.jar
[INFO] Downloaded from central-https: https://repo.maven.apache.org/maven2/com/qiniu/qiniu-java-sdk/7.2.23/qiniu-java-sdk-7.2.23.jar (176 kB at 15 kB/s)
[INFO] Downloading from central-https: https://repo.maven.apache.org/maven2/org/apache/httpcomponents/httpmime/4.5.7/httpmime-4.5.7.jar
[INFO] Downloaded from central-https: https://repo.maven.apache.org/maven2/com/aliyun/aliyun-java-sdk-ecs/4.2.0/aliyun-java-sdk-ecs-4.2.0.jar (788 kB at 69 kB/s)
[INFO] Downloading from central-https: https://repo.maven.apache.org/maven2/com/sun/xml/bind/jaxb-impl/2.1.12/jaxb-impl-2.1.12.jar
[INFO] Downloaded from central-https: https://repo.maven.apache.org/maven2/com/github/liyiorg/weixin-popular/2.8.30/weixin-popular-2.8.30.jar (609 kB at 53 kB/s)
[INFO] Downloading from central-https: https://repo.maven.apache.org/maven2/com/vdurmont/emoji-java/4.0.0/emoji-java-4.0.0.jar
[INFO] Downloaded from central-https: https://repo.maven.apache.org/maven2/net/dongliu/requests/4.18.1/requests-4.18.1.jar (106 kB at 9.1 kB/s)
[INFO] Downloading from central-https: https://repo.maven.apache.org/maven2/org/json/json/20170516/json-20170516.jar
[INFO] Downloaded from central-https: https://repo.maven.apache.org/maven2/org/apache/httpcomponents/httpmime/4.5.7/httpmime-4.5.7.jar (42 kB at 3.6 kB/s)
[INFO] Downloading from central-https: https://repo.maven.apache.org/maven2/com/xkcoding/justauth/justauth-spring-boot-starter/1.3.2/justauth-spring-boot-starter-1.3.2.jar
[INFO] Downloaded from central-https: https://repo.maven.apache.org/maven2/com/vdurmont/emoji-java/4.0.0/emoji-java-4.0.0.jar (59 kB at 5.0 kB/s)
[INFO] Downloading from central-https: https://repo.maven.apache.org/maven2/me/zhyd/oauth/JustAuth/1.13.2/JustAuth-1.13.2.jar
[INFO] Downloaded from central-https: https://repo.maven.apache.org/maven2/org/json/json/20170516/json-20170516.jar (57 kB at 4.9 kB/s)
[INFO] Downloading from central-https: https://repo.maven.apache.org/maven2/cn/hutool/hutool-http/5.0.7/hutool-http-5.0.7.jar
[INFO] Downloaded from central-https: https://repo.maven.apache.org/maven2/com/sun/xml/bind/jaxb-impl/2.1.12/jaxb-impl-2.1.12.jar (868 kB at 74 kB/s)
[INFO] Downloading from central-https: https://repo.maven.apache.org/maven2/cn/hutool/hutool-core/5.0.7/hutool-core-5.0.7.jar
[INFO] Downloaded from central-https: https://repo.maven.apache.org/maven2/com/xkcoding/justauth/justauth-spring-boot-starter/1.3.2/justauth-spring-boot-starter-1.3.2.jar (23 kB at 1.9 kB/s)
[INFO] Downloading from central-https: https://repo.maven.apache.org/maven2/cn/hutool/hutool-json/5.0.7/hutool-json-5.0.7.jar
[INFO] Downloaded from central-https: https://repo.maven.apache.org/maven2/me/zhyd/oauth/JustAuth/1.13.2/JustAuth-1.13.2.jar (154 kB at 13 kB/s)
[INFO] Downloaded from central-https: https://repo.maven.apache.org/maven2/cn/hutool/hutool-core/5.0.7/hutool-core-5.0.7.jar (712 kB at 59 kB/s)
[INFO] Downloaded from central-https: https://repo.maven.apache.org/maven2/cn/hutool/hutool-http/5.0.7/hutool-http-5.0.7.jar (76 kB at 6.2 kB/s)
[INFO] Downloaded from central-https: https://repo.maven.apache.org/maven2/cn/hutool/hutool-json/5.0.7/hutool-json-5.0.7.jar (46 kB at 3.8 kB/s)
[INFO] Downloaded from central-https: https://repo.maven.apache.org/maven2/com/google/code/gson/gson/2.8.5/gson-2.8.5.jar (242 kB at 16 kB/s)
[INFO] Downloading from jeecg: https://maven.jeecg.org/nexus/content/repositories/jeecg/com/microsoft/sqlserver/sqljdbc4/4.0/sqljdbc4-4.0.jar
[INFO] Downloaded from jeecg: https://maven.jeecg.org/nexus/content/repositories/jeecg/com/microsoft/sqlserver/sqljdbc4/4.0/sqljdbc4-4.0.jar (466 kB at 7.1 MB/s)
[INFO] Downloading from jeecg: https://maven.jeecg.org/nexus/content/repositories/jeecg/org/hibernate/hibernate-re/2.1.5/hibernate-re-2.1.5.jar
[INFO] Downloading from jeecg: https://maven.jeecg.org/nexus/content/repositories/jeecg/org/jeecgframework/boot/codegenerate/1.2.0/codegenerate-1.2.0.jar
[INFO] Downloading from jeecg: https://maven.jeecg.org/nexus/content/repositories/jeecg/org/jeecgframework/autopoi-web/1.1.1/autopoi-web-1.1.1.jar
[INFO] Downloading from jeecg: https://maven.jeecg.org/nexus/content/repositories/jeecg/org/jeecgframework/autopoi/1.1.1/autopoi-1.1.1.jar
[INFO] Downloaded from jeecg: https://maven.jeecg.org/nexus/content/repositories/jeecg/org/jeecgframework/autopoi-web/1.1.1/autopoi-web-1.1.1.jar (13 kB at 1.0 MB/s)
[INFO] Downloaded from jeecg: https://maven.jeecg.org/nexus/content/repositories/jeecg/org/jeecgframework/boot/codegenerate/1.2.0/codegenerate-1.2.0.jar (52 kB at 854 kB/s)
[INFO] Downloaded from jeecg: https://maven.jeecg.org/nexus/content/repositories/jeecg/org/jeecgframework/autopoi/1.1.1/autopoi-1.1.1.jar (168 kB at 422 kB/s)
[INFO] Downloaded from jeecg: https://maven.jeecg.org/nexus/content/repositories/jeecg/org/hibernate/hibernate-re/2.1.5/hibernate-re-2.1.5.jar (301 kB at 330 kB/s)
[INFO] 
[INFO] --- clean:3.1.0:clean (default-clean) @ jeecg-boot-base-common ---
[INFO] 
[INFO] --- resources:3.1.0:resources (default-resources) @ jeecg-boot-base-common ---
[INFO] Downloading from central-https: https://repo.maven.apache.org/maven2/org/apache/maven/maven-core/3.0/maven-core-3.0.pom
[INFO] Downloaded from central-https: https://repo.maven.apache.org/maven2/org/apache/maven/maven-core/3.0/maven-core-3.0.pom (6.6 kB at 38 kB/s)
[INFO] Downloading from central-https: https://repo.maven.apache.org/maven2/org/apache/maven/maven-settings/3.0/maven-settings-3.0.pom
[INFO] Downloaded from central-https: https://repo.maven.apache.org/maven2/org/apache/maven/maven-settings/3.0/maven-settings-3.0.pom (1.9 kB at 11 kB/s)
[INFO] Downloading from central-https: https://repo.maven.apache.org/maven2/org/apache/maven/maven-settings-builder/3.0/maven-settings-builder-3.0.pom
[INFO] Downloaded from central-https: https://repo.maven.apache.org/maven2/org/apache/maven/maven-settings-builder/3.0/maven-settings-builder-3.0.pom (2.2 kB at 12 kB/s)
[INFO] Downloading from central-https: https://repo.maven.apache.org/maven2/org/codehaus/plexus/plexus-interpolation/1.14/plexus-interpolation-1.14.pom
[INFO] Downloaded from central-https: https://repo.maven.apache.org/maven2/org/codehaus/plexus/plexus-interpolation/1.14/plexus-interpolation-1.14.pom (910 B at 5.4 kB/s)
[INFO] Downloading from central-https: https://repo.maven.apache.org/maven2/org/codehaus/plexus/plexus-components/1.1.18/plexus-components-1.1.18.pom
[INFO] Downloaded from central-https: https://repo.maven.apache.org/maven2/org/codehaus/plexus/plexus-components/1.1.18/plexus-components-1.1.18.pom (5.4 kB at 30 kB/s)
[INFO] Downloading from central-https: https://repo.maven.apache.org/maven2/org/codehaus/plexus/plexus/2.0.7/plexus-2.0.7.pom
[INFO] Downloaded from central-https: https://repo.maven.apache.org/maven2/org/codehaus/plexus/plexus/2.0.7/plexus-2.0.7.pom (17 kB at 96 kB/s)
[INFO] Downloading from central-https: https://repo.maven.apache.org/maven2/org/sonatype/plexus/plexus-sec-dispatcher/1.3/plexus-sec-dispatcher-1.3.pom
[INFO] Downloaded from central-https: https://repo.maven.apache.org/maven2/org/sonatype/plexus/plexus-sec-dispatcher/1.3/plexus-sec-dispatcher-1.3.pom (3.0 kB at 16 kB/s)
[INFO] Downloading from central-https: https://repo.maven.apache.org/maven2/org/sonatype/spice/spice-parent/12/spice-parent-12.pom
[INFO] Downloaded from central-https: https://repo.maven.apache.org/maven2/org/sonatype/spice/spice-parent/12/spice-parent-12.pom (6.8 kB at 40 kB/s)
[INFO] Downloading from central-https: https://repo.maven.apache.org/maven2/org/sonatype/forge/forge-parent/4/forge-parent-4.pom
[INFO] Downloaded from central-https: https://repo.maven.apache.org/maven2/org/sonatype/forge/forge-parent/4/forge-parent-4.pom (8.4 kB at 48 kB/s)
[INFO] Downloading from central-https: https://repo.maven.apache.org/maven2/org/codehaus/plexus/plexus-utils/1.5.5/plexus-utils-1.5.5.pom
[INFO] Downloaded from central-https: https://repo.maven.apache.org/maven2/org/codehaus/plexus/plexus-utils/1.5.5/plexus-utils-1.5.5.pom (5.1 kB at 30 kB/s)
[INFO] Downloading from central-https: https://repo.maven.apache.org/maven2/org/codehaus/plexus/plexus/1.0.11/plexus-1.0.11.pom
[INFO] Downloaded from central-https: https://repo.maven.apache.org/maven2/org/codehaus/plexus/plexus/1.0.11/plexus-1.0.11.pom (9.0 kB at 52 kB/s)
[INFO] Downloading from central-https: https://repo.maven.apache.org/maven2/org/sonatype/plexus/plexus-cipher/1.4/plexus-cipher-1.4.pom
[INFO] Downloaded from central-https: https://repo.maven.apache.org/maven2/org/sonatype/plexus/plexus-cipher/1.4/plexus-cipher-1.4.pom (2.1 kB at 12 kB/s)
[INFO] Downloading from central-https: https://repo.maven.apache.org/maven2/org/apache/maven/maven-repository-metadata/3.0/maven-repository-metadata-3.0.pom
[INFO] Downloaded from central-https: https://repo.maven.apache.org/maven2/org/apache/maven/maven-repository-metadata/3.0/maven-repository-metadata-3.0.pom (1.9 kB at 11 kB/s)
[INFO] Downloading from central-https: https://repo.maven.apache.org/maven2/org/apache/maven/maven-model-builder/3.0/maven-model-builder-3.0.pom
[INFO] Downloaded from central-https: https://repo.maven.apache.org/maven2/org/apache/maven/maven-model-builder/3.0/maven-model-builder-3.0.pom (2.2 kB at 13 kB/s)
[INFO] Downloading from central-https: https://repo.maven.apache.org/maven2/org/apache/maven/maven-aether-provider/3.0/maven-aether-provider-3.0.pom
[INFO] Downloaded from central-https: https://repo.maven.apache.org/maven2/org/apache/maven/maven-aether-provider/3.0/maven-aether-provider-3.0.pom (2.5 kB at 14 kB/s)
[INFO] Downloading from central-https: https://repo.maven.apache.org/maven2/org/sonatype/aether/aether-api/1.7/aether-api-1.7.pom
[INFO] Downloaded from central-https: https://repo.maven.apache.org/maven2/org/sonatype/aether/aether-api/1.7/aether-api-1.7.pom (1.7 kB at 9.8 kB/s)
[INFO] Downloading from central-https: https://repo.maven.apache.org/maven2/org/sonatype/aether/aether-parent/1.7/aether-parent-1.7.pom
[INFO] Downloaded from central-https: https://repo.maven.apache.org/maven2/org/sonatype/aether/aether-parent/1.7/aether-parent-1.7.pom (7.7 kB at 45 kB/s)
[INFO] Downloading from central-https: https://repo.maven.apache.org/maven2/org/sonatype/aether/aether-util/1.7/aether-util-1.7.pom
[INFO] Downloaded from central-https: https://repo.maven.apache.org/maven2/org/sonatype/aether/aether-util/1.7/aether-util-1.7.pom (2.1 kB at 12 kB/s)
[INFO] Downloading from central-https: https://repo.maven.apache.org/maven2/org/sonatype/aether/aether-impl/1.7/aether-impl-1.7.pom
[INFO] Downloaded from central-https: https://repo.maven.apache.org/maven2/org/sonatype/aether/aether-impl/1.7/aether-impl-1.7.pom (3.7 kB at 22 kB/s)
[INFO] Downloading from central-https: https://repo.maven.apache.org/maven2/org/sonatype/aether/aether-spi/1.7/aether-spi-1.7.pom
[INFO] Downloaded from central-https: https://repo.maven.apache.org/maven2/org/sonatype/aether/aether-spi/1.7/aether-spi-1.7.pom (1.7 kB at 10 kB/s)
[INFO] Downloading from central-https: https://repo.maven.apache.org/maven2/org/codehaus/plexus/plexus-utils/3.1.0/plexus-utils-3.1.0.pom
[INFO] Downloaded from central-https: https://repo.maven.apache.org/maven2/org/codehaus/plexus/plexus-utils/3.1.0/plexus-utils-3.1.0.pom (4.7 kB at 27 kB/s)
[INFO] Downloading from central-https: https://repo.maven.apache.org/maven2/org/apache/maven/shared/maven-filtering/3.1.1/maven-filtering-3.1.1.pom
[INFO] Downloaded from central-https: https://repo.maven.apache.org/maven2/org/apache/maven/shared/maven-filtering/3.1.1/maven-filtering-3.1.1.pom (5.7 kB at 33 kB/s)
[INFO] Downloading from central-https: https://repo.maven.apache.org/maven2/org/apache/maven/shared/maven-shared-utils/3.0.0/maven-shared-utils-3.0.0.pom
[INFO] Downloaded from central-https: https://repo.maven.apache.org/maven2/org/apache/maven/shared/maven-shared-utils/3.0.0/maven-shared-utils-3.0.0.pom (5.6 kB at 32 kB/s)
[INFO] Downloading from central-https: https://repo.maven.apache.org/maven2/org/apache/maven/shared/maven-shared-components/21/maven-shared-components-21.pom
[INFO] Downloaded from central-https: https://repo.maven.apache.org/maven2/org/apache/maven/shared/maven-shared-components/21/maven-shared-components-21.pom (5.1 kB at 30 kB/s)
[INFO] Downloading from central-https: https://repo.maven.apache.org/maven2/org/apache/maven/maven-parent/25/maven-parent-25.pom
[INFO] Downloaded from central-https: https://repo.maven.apache.org/maven2/org/apache/maven/maven-parent/25/maven-parent-25.pom (37 kB at 191 kB/s)
[INFO] Downloading from central-https: https://repo.maven.apache.org/maven2/org/apache/apache/15/apache-15.pom
[INFO] Downloaded from central-https: https://repo.maven.apache.org/maven2/org/apache/apache/15/apache-15.pom (15 kB at 86 kB/s)
[INFO] Downloading from central-https: https://repo.maven.apache.org/maven2/commons-io/commons-io/2.4/commons-io-2.4.pom
[INFO] Downloaded from central-https: https://repo.maven.apache.org/maven2/commons-io/commons-io/2.4/commons-io-2.4.pom (10 kB at 56 kB/s)
[INFO] Downloading from central-https: https://repo.maven.apache.org/maven2/org/apache/commons/commons-parent/25/commons-parent-25.pom
[INFO] Downloaded from central-https: https://repo.maven.apache.org/maven2/org/apache/commons/commons-parent/25/commons-parent-25.pom (48 kB at 223 kB/s)
[INFO] Downloading from central-https: https://repo.maven.apache.org/maven2/com/google/code/findbugs/jsr305/2.0.1/jsr305-2.0.1.pom
[INFO] Downloaded from central-https: https://repo.maven.apache.org/maven2/com/google/code/findbugs/jsr305/2.0.1/jsr305-2.0.1.pom (965 B at 5.7 kB/s)
[INFO] Downloading from central-https: https://repo.maven.apache.org/maven2/org/codehaus/plexus/plexus-utils/3.0.24/plexus-utils-3.0.24.pom
[INFO] Downloaded from central-https: https://repo.maven.apache.org/maven2/org/codehaus/plexus/plexus-utils/3.0.24/plexus-utils-3.0.24.pom (4.1 kB at 24 kB/s)
[INFO] Downloading from central-https: https://repo.maven.apache.org/maven2/org/codehaus/plexus/plexus-interpolation/1.22/plexus-interpolation-1.22.pom
[INFO] Downloaded from central-https: https://repo.maven.apache.org/maven2/org/codehaus/plexus/plexus-interpolation/1.22/plexus-interpolation-1.22.pom (1.5 kB at 8.9 kB/s)
[INFO] Downloading from central-https: https://repo.maven.apache.org/maven2/org/codehaus/plexus/plexus-components/1.3.1/plexus-components-1.3.1.pom
[INFO] Downloaded from central-https: https://repo.maven.apache.org/maven2/org/codehaus/plexus/plexus-components/1.3.1/plexus-components-1.3.1.pom (3.1 kB at 18 kB/s)
[INFO] Downloading from central-https: https://repo.maven.apache.org/maven2/org/codehaus/plexus/plexus/3.3.1/plexus-3.3.1.pom
[INFO] Downloaded from central-https: https://repo.maven.apache.org/maven2/org/codehaus/plexus/plexus/3.3.1/plexus-3.3.1.pom (20 kB at 110 kB/s)
[INFO] Downloading from central-https: https://repo.maven.apache.org/maven2/org/sonatype/spice/spice-parent/17/spice-parent-17.pom
[INFO] Downloaded from central-https: https://repo.maven.apache.org/maven2/org/sonatype/spice/spice-parent/17/spice-parent-17.pom (6.8 kB at 39 kB/s)
[INFO] Downloading from central-https: https://repo.maven.apache.org/maven2/org/sonatype/plexus/plexus-build-api/0.0.7/plexus-build-api-0.0.7.pom
[INFO] Downloaded from central-https: https://repo.maven.apache.org/maven2/org/sonatype/plexus/plexus-build-api/0.0.7/plexus-build-api-0.0.7.pom (3.2 kB at 19 kB/s)
[INFO] Downloading from central-https: https://repo.maven.apache.org/maven2/org/sonatype/spice/spice-parent/15/spice-parent-15.pom
[INFO] Downloaded from central-https: https://repo.maven.apache.org/maven2/org/sonatype/spice/spice-parent/15/spice-parent-15.pom (8.4 kB at 49 kB/s)
[INFO] Downloading from central-https: https://repo.maven.apache.org/maven2/org/sonatype/forge/forge-parent/5/forge-parent-5.pom
[INFO] Downloaded from central-https: https://repo.maven.apache.org/maven2/org/sonatype/forge/forge-parent/5/forge-parent-5.pom (8.4 kB at 48 kB/s)
[INFO] Downloading from central-https: https://repo.maven.apache.org/maven2/org/codehaus/plexus/plexus-utils/1.5.8/plexus-utils-1.5.8.pom
[INFO] Downloaded from central-https: https://repo.maven.apache.org/maven2/org/codehaus/plexus/plexus-utils/1.5.8/plexus-utils-1.5.8.pom (8.1 kB at 48 kB/s)
[INFO] Downloading from central-https: https://repo.maven.apache.org/maven2/org/codehaus/plexus/plexus/2.0.2/plexus-2.0.2.pom
[INFO] Downloaded from central-https: https://repo.maven.apache.org/maven2/org/codehaus/plexus/plexus/2.0.2/plexus-2.0.2.pom (12 kB at 66 kB/s)
[INFO] Downloading from central-https: https://repo.maven.apache.org/maven2/org/codehaus/plexus/plexus-interpolation/1.24/plexus-interpolation-1.24.pom
[INFO] Downloaded from central-https: https://repo.maven.apache.org/maven2/org/codehaus/plexus/plexus-interpolation/1.24/plexus-interpolation-1.24.pom (2.6 kB at 15 kB/s)
[INFO] Downloading from central-https: https://repo.maven.apache.org/maven2/org/apache/maven/maven-core/3.0/maven-core-3.0.jar
[INFO] Downloaded from central-https: https://repo.maven.apache.org/maven2/org/apache/maven/maven-core/3.0/maven-core-3.0.jar (527 kB at 295 kB/s)
[INFO] Downloading from central-https: https://repo.maven.apache.org/maven2/org/apache/maven/maven-settings/3.0/maven-settings-3.0.jar
[INFO] Downloading from central-https: https://repo.maven.apache.org/maven2/org/apache/maven/maven-settings-builder/3.0/maven-settings-builder-3.0.jar
[INFO] Downloading from central-https: https://repo.maven.apache.org/maven2/org/apache/maven/maven-repository-metadata/3.0/maven-repository-metadata-3.0.jar
[INFO] Downloading from central-https: https://repo.maven.apache.org/maven2/org/apache/maven/maven-model-builder/3.0/maven-model-builder-3.0.jar
[INFO] Downloading from central-https: https://repo.maven.apache.org/maven2/org/apache/maven/maven-aether-provider/3.0/maven-aether-provider-3.0.jar
[INFO] Downloaded from central-https: https://repo.maven.apache.org/maven2/org/apache/maven/maven-settings/3.0/maven-settings-3.0.jar (47 kB at 270 kB/s)
[INFO] Downloading from central-https: https://repo.maven.apache.org/maven2/org/sonatype/aether/aether-impl/1.7/aether-impl-1.7.jar
[INFO] Downloaded from central-https: https://repo.maven.apache.org/maven2/org/apache/maven/maven-repository-metadata/3.0/maven-repository-metadata-3.0.jar (30 kB at 165 kB/s)
[INFO] Downloading from central-https: https://repo.maven.apache.org/maven2/org/sonatype/aether/aether-spi/1.7/aether-spi-1.7.jar
[INFO] Downloaded from central-https: https://repo.maven.apache.org/maven2/org/apache/maven/maven-aether-provider/3.0/maven-aether-provider-3.0.jar (51 kB at 265 kB/s)
[INFO] Downloading from central-https: https://repo.maven.apache.org/maven2/org/sonatype/aether/aether-api/1.7/aether-api-1.7.jar
[INFO] Downloaded from central-https: https://repo.maven.apache.org/maven2/org/apache/maven/maven-model-builder/3.0/maven-model-builder-3.0.jar (148 kB at 740 kB/s)
[INFO] Downloading from central-https: https://repo.maven.apache.org/maven2/org/sonatype/aether/aether-util/1.7/aether-util-1.7.jar
[INFO] Downloaded from central-https: https://repo.maven.apache.org/maven2/org/apache/maven/maven-settings-builder/3.0/maven-settings-builder-3.0.jar (38 kB at 163 kB/s)
[INFO] Downloading from central-https: https://repo.maven.apache.org/maven2/org/sonatype/plexus/plexus-sec-dispatcher/1.3/plexus-sec-dispatcher-1.3.jar
[INFO] Downloaded from central-https: https://repo.maven.apache.org/maven2/org/sonatype/aether/aether-impl/1.7/aether-impl-1.7.jar (106 kB at 300 kB/s)
[INFO] Downloading from central-https: https://repo.maven.apache.org/maven2/org/sonatype/plexus/plexus-cipher/1.4/plexus-cipher-1.4.jar
[INFO] Downloaded from central-https: https://repo.maven.apache.org/maven2/org/sonatype/aether/aether-spi/1.7/aether-spi-1.7.jar (14 kB at 38 kB/s)
[INFO] Downloading from central-https: https://repo.maven.apache.org/maven2/org/codehaus/plexus/plexus-utils/3.1.0/plexus-utils-3.1.0.jar
[INFO] Downloaded from central-https: https://repo.maven.apache.org/maven2/org/sonatype/aether/aether-api/1.7/aether-api-1.7.jar (74 kB at 195 kB/s)
[INFO] Downloading from central-https: https://repo.maven.apache.org/maven2/org/apache/maven/shared/maven-filtering/3.1.1/maven-filtering-3.1.1.jar
[INFO] Downloaded from central-https: https://repo.maven.apache.org/maven2/org/sonatype/aether/aether-util/1.7/aether-util-1.7.jar (108 kB at 271 kB/s)
[INFO] Downloading from central-https: https://repo.maven.apache.org/maven2/org/apache/maven/shared/maven-shared-utils/3.0.0/maven-shared-utils-3.0.0.jar
[INFO] Downloaded from central-https: https://repo.maven.apache.org/maven2/org/sonatype/plexus/plexus-sec-dispatcher/1.3/plexus-sec-dispatcher-1.3.jar (29 kB at 64 kB/s)
[INFO] Downloading from central-https: https://repo.maven.apache.org/maven2/com/google/code/findbugs/jsr305/2.0.1/jsr305-2.0.1.jar
[INFO] Downloaded from central-https: https://repo.maven.apache.org/maven2/org/sonatype/plexus/plexus-cipher/1.4/plexus-cipher-1.4.jar (13 kB at 26 kB/s)
[INFO] Downloading from central-https: https://repo.maven.apache.org/maven2/org/sonatype/plexus/plexus-build-api/0.0.7/plexus-build-api-0.0.7.jar
[INFO] Downloaded from central-https: https://repo.maven.apache.org/maven2/org/codehaus/plexus/plexus-utils/3.1.0/plexus-utils-3.1.0.jar (262 kB at 476 kB/s)
[INFO] Downloading from central-https: https://repo.maven.apache.org/maven2/org/codehaus/plexus/plexus-interpolation/1.24/plexus-interpolation-1.24.jar
[INFO] Downloaded from central-https: https://repo.maven.apache.org/maven2/org/apache/maven/shared/maven-filtering/3.1.1/maven-filtering-3.1.1.jar (51 kB at 91 kB/s)
[INFO] Downloaded from central-https: https://repo.maven.apache.org/maven2/org/apache/maven/shared/maven-shared-utils/3.0.0/maven-shared-utils-3.0.0.jar (155 kB at 258 kB/s)
[INFO] Downloaded from central-https: https://repo.maven.apache.org/maven2/com/google/code/findbugs/jsr305/2.0.1/jsr305-2.0.1.jar (32 kB at 48 kB/s)
[INFO] Downloaded from central-https: https://repo.maven.apache.org/maven2/org/sonatype/plexus/plexus-build-api/0.0.7/plexus-build-api-0.0.7.jar (8.5 kB at 12 kB/s)
[INFO] Downloaded from central-https: https://repo.maven.apache.org/maven2/org/codehaus/plexus/plexus-interpolation/1.24/plexus-interpolation-1.24.jar (79 kB at 108 kB/s)
[INFO] Using 'UTF-8' encoding to copy filtered resources.
[INFO] Copying 1 resource
[INFO] Copying 0 resource
[INFO] 
[INFO] --- compiler:3.8.0:compile (default-compile) @ jeecg-boot-base-common ---
[INFO] Downloading from central-https: https://repo.maven.apache.org/maven2/org/apache/maven/shared/maven-shared-incremental/1.1/maven-shared-incremental-1.1.pom
[INFO] Downloaded from central-https: https://repo.maven.apache.org/maven2/org/apache/maven/shared/maven-shared-incremental/1.1/maven-shared-incremental-1.1.pom (4.7 kB at 27 kB/s)
[INFO] Downloading from central-https: https://repo.maven.apache.org/maven2/org/apache/maven/shared/maven-shared-components/19/maven-shared-components-19.pom
[INFO] Downloaded from central-https: https://repo.maven.apache.org/maven2/org/apache/maven/shared/maven-shared-components/19/maven-shared-components-19.pom (6.4 kB at 36 kB/s)
[INFO] Downloading from central-https: https://repo.maven.apache.org/maven2/org/apache/maven/maven-parent/23/maven-parent-23.pom
[INFO] Downloaded from central-https: https://repo.maven.apache.org/maven2/org/apache/maven/maven-parent/23/maven-parent-23.pom (33 kB at 177 kB/s)
[INFO] Downloading from central-https: https://repo.maven.apache.org/maven2/org/apache/maven/maven-plugin-api/2.2.1/maven-plugin-api-2.2.1.pom
[INFO] Downloaded from central-https: https://repo.maven.apache.org/maven2/org/apache/maven/maven-plugin-api/2.2.1/maven-plugin-api-2.2.1.pom (1.5 kB at 8.1 kB/s)
[INFO] Downloading from central-https: https://repo.maven.apache.org/maven2/org/apache/maven/maven/2.2.1/maven-2.2.1.pom
[INFO] Downloaded from central-https: https://repo.maven.apache.org/maven2/org/apache/maven/maven/2.2.1/maven-2.2.1.pom (22 kB at 125 kB/s)
[INFO] Downloading from central-https: https://repo.maven.apache.org/maven2/org/apache/maven/maven-parent/11/maven-parent-11.pom
[INFO] Downloaded from central-https: https://repo.maven.apache.org/maven2/org/apache/maven/maven-parent/11/maven-parent-11.pom (32 kB at 176 kB/s)
[INFO] Downloading from central-https: https://repo.maven.apache.org/maven2/org/apache/apache/5/apache-5.pom
[INFO] Downloaded from central-https: https://repo.maven.apache.org/maven2/org/apache/apache/5/apache-5.pom (4.1 kB at 23 kB/s)
[INFO] Downloading from central-https: https://repo.maven.apache.org/maven2/org/apache/maven/maven-core/2.2.1/maven-core-2.2.1.pom
[INFO] Downloaded from central-https: https://repo.maven.apache.org/maven2/org/apache/maven/maven-core/2.2.1/maven-core-2.2.1.pom (12 kB at 65 kB/s)
[INFO] Downloading from central-https: https://repo.maven.apache.org/maven2/org/apache/maven/maven-settings/2.2.1/maven-settings-2.2.1.pom
[INFO] Downloaded from central-https: https://repo.maven.apache.org/maven2/org/apache/maven/maven-settings/2.2.1/maven-settings-2.2.1.pom (2.2 kB at 12 kB/s)
[INFO] Downloading from central-https: https://repo.maven.apache.org/maven2/org/apache/maven/maven-model/2.2.1/maven-model-2.2.1.pom
[INFO] Downloaded from central-https: https://repo.maven.apache.org/maven2/org/apache/maven/maven-model/2.2.1/maven-model-2.2.1.pom (3.2 kB at 18 kB/s)
[INFO] Downloading from central-https: https://repo.maven.apache.org/maven2/org/codehaus/plexus/plexus-utils/1.5.15/plexus-utils-1.5.15.pom
[INFO] Downloaded from central-https: https://repo.maven.apache.org/maven2/org/codehaus/plexus/plexus-utils/1.5.15/plexus-utils-1.5.15.pom (6.8 kB at 38 kB/s)
[INFO] Downloading from central-https: https://repo.maven.apache.org/maven2/org/codehaus/plexus/plexus-interpolation/1.11/plexus-interpolation-1.11.pom
[INFO] Downloaded from central-https: https://repo.maven.apache.org/maven2/org/codehaus/plexus/plexus-interpolation/1.11/plexus-interpolation-1.11.pom (889 B at 4.8 kB/s)
[INFO] Downloading from central-https: https://repo.maven.apache.org/maven2/org/codehaus/plexus/plexus-components/1.1.14/plexus-components-1.1.14.pom
[INFO] Downloaded from central-https: https://repo.maven.apache.org/maven2/org/codehaus/plexus/plexus-components/1.1.14/plexus-components-1.1.14.pom (5.8 kB at 33 kB/s)
[INFO] Downloading from central-https: https://repo.maven.apache.org/maven2/org/apache/maven/maven-plugin-parameter-documenter/2.2.1/maven-plugin-parameter-documenter-2.2.1.pom
[INFO] Downloaded from central-https: https://repo.maven.apache.org/maven2/org/apache/maven/maven-plugin-parameter-documenter/2.2.1/maven-plugin-parameter-documenter-2.2.1.pom (2.0 kB at 11 kB/s)
[INFO] Downloading from central-https: https://repo.maven.apache.org/maven2/org/slf4j/slf4j-jdk14/1.5.6/slf4j-jdk14-1.5.6.pom
[INFO] Downloaded from central-https: https://repo.maven.apache.org/maven2/org/slf4j/slf4j-jdk14/1.5.6/slf4j-jdk14-1.5.6.pom (1.9 kB at 10 kB/s)
[INFO] Downloading from central-https: https://repo.maven.apache.org/maven2/org/slf4j/slf4j-parent/1.5.6/slf4j-parent-1.5.6.pom
[INFO] Downloaded from central-https: https://repo.maven.apache.org/maven2/org/slf4j/slf4j-parent/1.5.6/slf4j-parent-1.5.6.pom (7.9 kB at 44 kB/s)
[INFO] Downloading from central-https: https://repo.maven.apache.org/maven2/org/slf4j/slf4j-api/1.5.6/slf4j-api-1.5.6.pom
[INFO] Downloaded from central-https: https://repo.maven.apache.org/maven2/org/slf4j/slf4j-api/1.5.6/slf4j-api-1.5.6.pom (3.0 kB at 17 kB/s)
[INFO] Downloading from central-https: https://repo.maven.apache.org/maven2/org/slf4j/jcl-over-slf4j/1.5.6/jcl-over-slf4j-1.5.6.pom
[INFO] Downloaded from central-https: https://repo.maven.apache.org/maven2/org/slf4j/jcl-over-slf4j/1.5.6/jcl-over-slf4j-1.5.6.pom (2.2 kB at 12 kB/s)
[INFO] Downloading from central-https: https://repo.maven.apache.org/maven2/org/apache/maven/maven-profile/2.2.1/maven-profile-2.2.1.pom
[INFO] Downloaded from central-https: https://repo.maven.apache.org/maven2/org/apache/maven/maven-profile/2.2.1/maven-profile-2.2.1.pom (2.2 kB at 12 kB/s)
[INFO] Downloading from central-https: https://repo.maven.apache.org/maven2/org/apache/maven/maven-artifact/2.2.1/maven-artifact-2.2.1.pom
[INFO] Downloaded from central-https: https://repo.maven.apache.org/maven2/org/apache/maven/maven-artifact/2.2.1/maven-artifact-2.2.1.pom (1.6 kB at 8.7 kB/s)
[INFO] Downloading from central-https: https://repo.maven.apache.org/maven2/org/apache/maven/maven-repository-metadata/2.2.1/maven-repository-metadata-2.2.1.pom
[INFO] Downloaded from central-https: https://repo.maven.apache.org/maven2/org/apache/maven/maven-repository-metadata/2.2.1/maven-repository-metadata-2.2.1.pom (1.9 kB at 10 kB/s)
[INFO] Downloading from central-https: https://repo.maven.apache.org/maven2/org/apache/maven/maven-error-diagnostics/2.2.1/maven-error-diagnostics-2.2.1.pom
[INFO] Downloaded from central-https: https://repo.maven.apache.org/maven2/org/apache/maven/maven-error-diagnostics/2.2.1/maven-error-diagnostics-2.2.1.pom (1.7 kB at 9.4 kB/s)
[INFO] Downloading from central-https: https://repo.maven.apache.org/maven2/org/apache/maven/maven-project/2.2.1/maven-project-2.2.1.pom
[INFO] Downloaded from central-https: https://repo.maven.apache.org/maven2/org/apache/maven/maven-project/2.2.1/maven-project-2.2.1.pom (2.8 kB at 15 kB/s)
[INFO] Downloading from central-https: https://repo.maven.apache.org/maven2/org/apache/maven/maven-artifact-manager/2.2.1/maven-artifact-manager-2.2.1.pom
[INFO] Downloaded from central-https: https://repo.maven.apache.org/maven2/org/apache/maven/maven-artifact-manager/2.2.1/maven-artifact-manager-2.2.1.pom (3.1 kB at 17 kB/s)
[INFO] Downloading from central-https: https://repo.maven.apache.org/maven2/backport-util-concurrent/backport-util-concurrent/3.1/backport-util-concurrent-3.1.pom
[INFO] Downloaded from central-https: https://repo.maven.apache.org/maven2/backport-util-concurrent/backport-util-concurrent/3.1/backport-util-concurrent-3.1.pom (880 B at 4.9 kB/s)
[INFO] Downloading from central-https: https://repo.maven.apache.org/maven2/org/apache/maven/maven-plugin-registry/2.2.1/maven-plugin-registry-2.2.1.pom
[INFO] Downloaded from central-https: https://repo.maven.apache.org/maven2/org/apache/maven/maven-plugin-registry/2.2.1/maven-plugin-registry-2.2.1.pom (1.9 kB at 11 kB/s)
[INFO] Downloading from central-https: https://repo.maven.apache.org/maven2/org/apache/maven/maven-plugin-descriptor/2.2.1/maven-plugin-descriptor-2.2.1.pom
[INFO] Downloaded from central-https: https://repo.maven.apache.org/maven2/org/apache/maven/maven-plugin-descriptor/2.2.1/maven-plugin-descriptor-2.2.1.pom (2.1 kB at 11 kB/s)
[INFO] Downloading from central-https: https://repo.maven.apache.org/maven2/org/apache/maven/maven-monitor/2.2.1/maven-monitor-2.2.1.pom
[INFO] Downloaded from central-https: https://repo.maven.apache.org/maven2/org/apache/maven/maven-monitor/2.2.1/maven-monitor-2.2.1.pom (1.3 kB at 2.2 kB/s)
[INFO] Downloading from central-https: https://repo.maven.apache.org/maven2/org/apache/maven/shared/maven-shared-utils/0.1/maven-shared-utils-0.1.pom
[INFO] Downloaded from central-https: https://repo.maven.apache.org/maven2/org/apache/maven/shared/maven-shared-utils/0.1/maven-shared-utils-0.1.pom (4.0 kB at 23 kB/s)
[INFO] Downloading from central-https: https://repo.maven.apache.org/maven2/org/apache/maven/shared/maven-shared-components/18/maven-shared-components-18.pom
[INFO] Downloaded from central-https: https://repo.maven.apache.org/maven2/org/apache/maven/shared/maven-shared-components/18/maven-shared-components-18.pom (4.9 kB at 28 kB/s)
[INFO] Downloading from central-https: https://repo.maven.apache.org/maven2/org/apache/maven/maven-parent/22/maven-parent-22.pom
[INFO] Downloaded from central-https: https://repo.maven.apache.org/maven2/org/apache/maven/maven-parent/22/maven-parent-22.pom (30 kB at 164 kB/s)
[INFO] Downloading from central-https: https://repo.maven.apache.org/maven2/org/apache/apache/11/apache-11.pom
[INFO] Downloaded from central-https: https://repo.maven.apache.org/maven2/org/apache/apache/11/apache-11.pom (15 kB at 80 kB/s)
[INFO] Downloading from central-https: https://repo.maven.apache.org/maven2/org/codehaus/plexus/plexus-java/0.9.10/plexus-java-0.9.10.pom
[INFO] Downloaded from central-https: https://repo.maven.apache.org/maven2/org/codehaus/plexus/plexus-java/0.9.10/plexus-java-0.9.10.pom (5.1 kB at 27 kB/s)
[INFO] Downloading from central-https: https://repo.maven.apache.org/maven2/org/codehaus/plexus/plexus-languages/0.9.10/plexus-languages-0.9.10.pom
[INFO] Downloaded from central-https: https://repo.maven.apache.org/maven2/org/codehaus/plexus/plexus-languages/0.9.10/plexus-languages-0.9.10.pom (4.1 kB at 23 kB/s)
[INFO] Downloading from central-https: https://repo.maven.apache.org/maven2/org/ow2/asm/asm/6.2/asm-6.2.pom
[INFO] Downloaded from central-https: https://repo.maven.apache.org/maven2/org/ow2/asm/asm/6.2/asm-6.2.pom (2.9 kB at 16 kB/s)
[INFO] Downloading from central-https: https://repo.maven.apache.org/maven2/org/ow2/ow2/1.5/ow2-1.5.pom
[INFO] Downloaded from central-https: https://repo.maven.apache.org/maven2/org/ow2/ow2/1.5/ow2-1.5.pom (11 kB at 61 kB/s)
[INFO] Downloading from central-https: https://repo.maven.apache.org/maven2/com/thoughtworks/qdox/qdox/2.0-M9/qdox-2.0-M9.pom
[INFO] Downloaded from central-https: https://repo.maven.apache.org/maven2/com/thoughtworks/qdox/qdox/2.0-M9/qdox-2.0-M9.pom (16 kB at 87 kB/s)
[INFO] Downloading from central-https: https://repo.maven.apache.org/maven2/org/codehaus/plexus/plexus-compiler-api/2.8.4/plexus-compiler-api-2.8.4.pom
[INFO] Downloaded from central-https: https://repo.maven.apache.org/maven2/org/codehaus/plexus/plexus-compiler-api/2.8.4/plexus-compiler-api-2.8.4.pom (867 B at 4.8 kB/s)
[INFO] Downloading from central-https: https://repo.maven.apache.org/maven2/org/codehaus/plexus/plexus-compiler/2.8.4/plexus-compiler-2.8.4.pom
[INFO] Downloaded from central-https: https://repo.maven.apache.org/maven2/org/codehaus/plexus/plexus-compiler/2.8.4/plexus-compiler-2.8.4.pom (6.0 kB at 34 kB/s)
[INFO] Downloading from central-https: https://repo.maven.apache.org/maven2/org/codehaus/plexus/plexus-components/4.0/plexus-components-4.0.pom
[INFO] Downloaded from central-https: https://repo.maven.apache.org/maven2/org/codehaus/plexus/plexus-components/4.0/plexus-components-4.0.pom (2.7 kB at 15 kB/s)
[INFO] Downloading from central-https: https://repo.maven.apache.org/maven2/org/codehaus/plexus/plexus-utils/3.0.22/plexus-utils-3.0.22.pom
[INFO] Downloaded from central-https: https://repo.maven.apache.org/maven2/org/codehaus/plexus/plexus-utils/3.0.22/plexus-utils-3.0.22.pom (3.8 kB at 21 kB/s)
[INFO] Downloading from central-https: https://repo.maven.apache.org/maven2/org/codehaus/plexus/plexus-compiler-manager/2.8.4/plexus-compiler-manager-2.8.4.pom
[INFO] Downloaded from central-https: https://repo.maven.apache.org/maven2/org/codehaus/plexus/plexus-compiler-manager/2.8.4/plexus-compiler-manager-2.8.4.pom (692 B at 3.9 kB/s)
[INFO] Downloading from central-https: https://repo.maven.apache.org/maven2/org/codehaus/plexus/plexus-compiler-javac/2.8.4/plexus-compiler-javac-2.8.4.pom
[INFO] Downloaded from central-https: https://repo.maven.apache.org/maven2/org/codehaus/plexus/plexus-compiler-javac/2.8.4/plexus-compiler-javac-2.8.4.pom (771 B at 4.2 kB/s)
[INFO] Downloading from central-https: https://repo.maven.apache.org/maven2/org/codehaus/plexus/plexus-compilers/2.8.4/plexus-compilers-2.8.4.pom
[INFO] Downloaded from central-https: https://repo.maven.apache.org/maven2/org/codehaus/plexus/plexus-compilers/2.8.4/plexus-compilers-2.8.4.pom (1.3 kB at 7.5 kB/s)
[INFO] Downloading from central-https: https://repo.maven.apache.org/maven2/org/codehaus/plexus/plexus-interpolation/1.14/plexus-interpolation-1.14.jar
[INFO] Downloaded from central-https: https://repo.maven.apache.org/maven2/org/codehaus/plexus/plexus-interpolation/1.14/plexus-interpolation-1.14.jar (61 kB at 336 kB/s)
[INFO] Downloading from central-https: https://repo.maven.apache.org/maven2/org/apache/maven/shared/maven-shared-incremental/1.1/maven-shared-incremental-1.1.jar
[INFO] Downloading from central-https: https://repo.maven.apache.org/maven2/org/codehaus/plexus/plexus-java/0.9.10/plexus-java-0.9.10.jar
[INFO] Downloading from central-https: https://repo.maven.apache.org/maven2/org/ow2/asm/asm/6.2/asm-6.2.jar
[INFO] Downloading from central-https: https://repo.maven.apache.org/maven2/com/thoughtworks/qdox/qdox/2.0-M9/qdox-2.0-M9.jar
[INFO] Downloading from central-https: https://repo.maven.apache.org/maven2/org/codehaus/plexus/plexus-compiler-api/2.8.4/plexus-compiler-api-2.8.4.jar
[INFO] Downloaded from central-https: https://repo.maven.apache.org/maven2/org/codehaus/plexus/plexus-java/0.9.10/plexus-java-0.9.10.jar (39 kB at 232 kB/s)
[INFO] Downloading from central-https: https://repo.maven.apache.org/maven2/org/codehaus/plexus/plexus-compiler-manager/2.8.4/plexus-compiler-manager-2.8.4.jar
[INFO] Downloaded from central-https: https://repo.maven.apache.org/maven2/org/ow2/asm/asm/6.2/asm-6.2.jar (111 kB at 608 kB/s)
[INFO] Downloading from central-https: https://repo.maven.apache.org/maven2/org/codehaus/plexus/plexus-compiler-javac/2.8.4/plexus-compiler-javac-2.8.4.jar
[INFO] Downloaded from central-https: https://repo.maven.apache.org/maven2/org/codehaus/plexus/plexus-compiler-api/2.8.4/plexus-compiler-api-2.8.4.jar (27 kB at 146 kB/s)
[INFO] Downloaded from central-https: https://repo.maven.apache.org/maven2/org/apache/maven/shared/maven-shared-incremental/1.1/maven-shared-incremental-1.1.jar (14 kB at 72 kB/s)
[INFO] Downloaded from central-https: https://repo.maven.apache.org/maven2/org/codehaus/plexus/plexus-compiler-manager/2.8.4/plexus-compiler-manager-2.8.4.jar (4.7 kB at 14 kB/s)
[INFO] Downloaded from central-https: https://repo.maven.apache.org/maven2/org/codehaus/plexus/plexus-compiler-javac/2.8.4/plexus-compiler-javac-2.8.4.jar (21 kB at 59 kB/s)
[INFO] Downloaded from central-https: https://repo.maven.apache.org/maven2/com/thoughtworks/qdox/qdox/2.0-M9/qdox-2.0-M9.jar (317 kB at 489 kB/s)
[INFO] Changes detected - recompiling the module!
[INFO] Compiling 96 source files to /Users/xuzihan/Documents/Projects/TeachingOpen/.devspace/artifacts/completion-audit-20261005/clean-backend/api/jeecg-boot-base-common/target/classes
[WARNING] /Users/xuzihan/Documents/Projects/TeachingOpen/.devspace/artifacts/completion-audit-20261005/clean-backend/api/jeecg-boot-base-common/src/main/java/org/jeecg/common/exception/JeecgBootExceptionHandler.java:[3,52] com.sun.org.apache.xpath.internal.operations.Bool是内部专用 API, 可能会在未来发行版中删除
[WARNING] /Users/xuzihan/Documents/Projects/TeachingOpen/.devspace/artifacts/completion-audit-20261005/clean-backend/api/jeecg-boot-base-common/src/main/java/org/jeecg/common/exception/JeecgBootExceptionHandler.java:[3,52] com.sun.org.apache.xpath.internal.operations.Bool是内部专用 API, 可能会在未来发行版中删除
[WARNING] /Users/xuzihan/Documents/Projects/TeachingOpen/.devspace/artifacts/completion-audit-20261005/clean-backend/api/jeecg-boot-base-common/src/main/java/org/jeecg/common/exception/JeecgBootExceptionHandler.java:[3,52] com.sun.org.apache.xpath.internal.operations.Bool是内部专用 API, 可能会在未来发行版中删除
[WARNING] /Users/xuzihan/Documents/Projects/TeachingOpen/.devspace/artifacts/completion-audit-20261005/clean-backend/api/jeecg-boot-base-common/src/main/java/org/jeecg/common/exception/JeecgBootExceptionHandler.java:[3,52] com.sun.org.apache.xpath.internal.operations.Bool是内部专用 API, 可能会在未来发行版中删除
[INFO] /Users/xuzihan/Documents/Projects/TeachingOpen/.devspace/artifacts/completion-audit-20261005/clean-backend/api/jeecg-boot-base-common/src/main/java/org/jeecg/common/util/dynamic/db/FreemarkerParseFactory.java: /Users/xuzihan/Documents/Projects/TeachingOpen/.devspace/artifacts/completion-audit-20261005/clean-backend/api/jeecg-boot-base-common/src/main/java/org/jeecg/common/util/dynamic/db/FreemarkerParseFactory.java使用或覆盖了已过时的 API。
[INFO] /Users/xuzihan/Documents/Projects/TeachingOpen/.devspace/artifacts/completion-audit-20261005/clean-backend/api/jeecg-boot-base-common/src/main/java/org/jeecg/common/util/dynamic/db/FreemarkerParseFactory.java: 有关详细信息, 请使用 -Xlint:deprecation 重新编译。
[INFO] /Users/xuzihan/Documents/Projects/TeachingOpen/.devspace/artifacts/completion-audit-20261005/clean-backend/api/jeecg-boot-base-common/src/main/java/org/jeecg/common/util/dynamic/db/DataSourceCachePool.java: 某些输入文件使用了未经检查或不安全的操作。
[INFO] /Users/xuzihan/Documents/Projects/TeachingOpen/.devspace/artifacts/completion-audit-20261005/clean-backend/api/jeecg-boot-base-common/src/main/java/org/jeecg/common/util/dynamic/db/DataSourceCachePool.java: 有关详细信息, 请使用 -Xlint:unchecked 重新编译。
[INFO] 
[INFO] --- resources:3.1.0:testResources (default-testResources) @ jeecg-boot-base-common ---
[INFO] Using 'UTF-8' encoding to copy filtered resources.
[INFO] skip non existing resourceDirectory /Users/xuzihan/Documents/Projects/TeachingOpen/.devspace/artifacts/completion-audit-20261005/clean-backend/api/jeecg-boot-base-common/src/test/resources
[INFO] 
[INFO] --- compiler:3.8.0:testCompile (default-testCompile) @ jeecg-boot-base-common ---
[INFO] No sources to compile
[INFO] 
[INFO] --- surefire:2.22.1:test (default-test) @ jeecg-boot-base-common ---
[INFO] Downloading from central-https: https://repo.maven.apache.org/maven2/org/apache/maven/surefire/maven-surefire-common/2.22.1/maven-surefire-common-2.22.1.pom
[INFO] Downloaded from central-https: https://repo.maven.apache.org/maven2/org/apache/maven/surefire/maven-surefire-common/2.22.1/maven-surefire-common-2.22.1.pom (11 kB at 68 kB/s)
[INFO] Downloading from central-https: https://repo.maven.apache.org/maven2/org/apache/maven/plugin-tools/maven-plugin-annotations/3.5.2/maven-plugin-annotations-3.5.2.pom
[INFO] Downloaded from central-https: https://repo.maven.apache.org/maven2/org/apache/maven/plugin-tools/maven-plugin-annotations/3.5.2/maven-plugin-annotations-3.5.2.pom (1.6 kB at 9.7 kB/s)
[INFO] Downloading from central-https: https://repo.maven.apache.org/maven2/org/apache/maven/plugin-tools/maven-plugin-tools/3.5.2/maven-plugin-tools-3.5.2.pom
[INFO] Downloaded from central-https: https://repo.maven.apache.org/maven2/org/apache/maven/plugin-tools/maven-plugin-tools/3.5.2/maven-plugin-tools-3.5.2.pom (15 kB at 91 kB/s)
[INFO] Downloading from central-https: https://repo.maven.apache.org/maven2/org/apache/maven/surefire/surefire-api/2.22.1/surefire-api-2.22.1.pom
[INFO] Downloaded from central-https: https://repo.maven.apache.org/maven2/org/apache/maven/surefire/surefire-api/2.22.1/surefire-api-2.22.1.pom (3.5 kB at 22 kB/s)
[INFO] Downloading from central-https: https://repo.maven.apache.org/maven2/org/apache/maven/surefire/surefire-logger-api/2.22.1/surefire-logger-api-2.22.1.pom
[INFO] Downloaded from central-https: https://repo.maven.apache.org/maven2/org/apache/maven/surefire/surefire-logger-api/2.22.1/surefire-logger-api-2.22.1.pom (2.0 kB at 12 kB/s)
[INFO] Downloading from central-https: https://repo.maven.apache.org/maven2/org/apache/maven/surefire/surefire-booter/2.22.1/surefire-booter-2.22.1.pom
[INFO] Downloaded from central-https: https://repo.maven.apache.org/maven2/org/apache/maven/surefire/surefire-booter/2.22.1/surefire-booter-2.22.1.pom (7.5 kB at 44 kB/s)
[INFO] Downloading from central-https: https://repo.maven.apache.org/maven2/org/codehaus/plexus/plexus-container-default/1.0-alpha-9-stable-1/plexus-container-default-1.0-alpha-9-stable-1.pom
[INFO] Downloaded from central-https: https://repo.maven.apache.org/maven2/org/codehaus/plexus/plexus-container-default/1.0-alpha-9-stable-1/plexus-container-default-1.0-alpha-9-stable-1.pom (3.9 kB at 24 kB/s)
[INFO] Downloading from central-https: https://repo.maven.apache.org/maven2/org/codehaus/plexus/plexus-containers/1.0.3/plexus-containers-1.0.3.pom
[INFO] Downloaded from central-https: https://repo.maven.apache.org/maven2/org/codehaus/plexus/plexus-containers/1.0.3/plexus-containers-1.0.3.pom (492 B at 3.0 kB/s)
[INFO] Downloading from central-https: https://repo.maven.apache.org/maven2/org/codehaus/plexus/plexus/1.0.4/plexus-1.0.4.pom
[INFO] Downloaded from central-https: https://repo.maven.apache.org/maven2/org/codehaus/plexus/plexus/1.0.4/plexus-1.0.4.pom (5.7 kB at 34 kB/s)
[INFO] Downloading from central-https: https://repo.maven.apache.org/maven2/org/codehaus/plexus/plexus-utils/1.0.4/plexus-utils-1.0.4.pom
[INFO] Downloaded from central-https: https://repo.maven.apache.org/maven2/org/codehaus/plexus/plexus-utils/1.0.4/plexus-utils-1.0.4.pom (6.9 kB at 42 kB/s)
[INFO] Downloading from central-https: https://repo.maven.apache.org/maven2/classworlds/classworlds/1.1-alpha-2/classworlds-1.1-alpha-2.pom
[INFO] Downloaded from central-https: https://repo.maven.apache.org/maven2/classworlds/classworlds/1.1-alpha-2/classworlds-1.1-alpha-2.pom (3.1 kB at 18 kB/s)
[INFO] Downloading from central-https: https://repo.maven.apache.org/maven2/org/apache/maven/reporting/maven-reporting-api/3.0/maven-reporting-api-3.0.pom
[INFO] Downloaded from central-https: https://repo.maven.apache.org/maven2/org/apache/maven/reporting/maven-reporting-api/3.0/maven-reporting-api-3.0.pom (2.4 kB at 14 kB/s)
[INFO] Downloading from central-https: https://repo.maven.apache.org/maven2/org/apache/maven/shared/maven-shared-components/15/maven-shared-components-15.pom
[INFO] Downloaded from central-https: https://repo.maven.apache.org/maven2/org/apache/maven/shared/maven-shared-components/15/maven-shared-components-15.pom (9.3 kB at 55 kB/s)
[INFO] Downloading from central-https: https://repo.maven.apache.org/maven2/org/apache/maven/maven-parent/16/maven-parent-16.pom
[INFO] Downloaded from central-https: https://repo.maven.apache.org/maven2/org/apache/maven/maven-parent/16/maven-parent-16.pom (23 kB at 134 kB/s)
[INFO] Downloading from central-https: https://repo.maven.apache.org/maven2/classworlds/classworlds/1.1/classworlds-1.1.pom
[INFO] Downloaded from central-https: https://repo.maven.apache.org/maven2/classworlds/classworlds/1.1/classworlds-1.1.pom (3.3 kB at 20 kB/s)
[INFO] Downloading from central-https: https://repo.maven.apache.org/maven2/org/apache/maven/maven-toolchain/2.2.1/maven-toolchain-2.2.1.pom
[INFO] Downloaded from central-https: https://repo.maven.apache.org/maven2/org/apache/maven/maven-toolchain/2.2.1/maven-toolchain-2.2.1.pom (3.3 kB at 19 kB/s)
[INFO] Downloading from central-https: https://repo.maven.apache.org/maven2/com/thoughtworks/qdox/qdox/2.0-M8/qdox-2.0-M8.pom
[INFO] Downloaded from central-https: https://repo.maven.apache.org/maven2/com/thoughtworks/qdox/qdox/2.0-M8/qdox-2.0-M8.pom (16 kB at 91 kB/s)
[INFO] Downloading from central-https: https://repo.maven.apache.org/maven2/org/apache/maven/surefire/maven-surefire-common/2.22.1/maven-surefire-common-2.22.1.jar
[INFO] Downloaded from central-https: https://repo.maven.apache.org/maven2/org/apache/maven/surefire/maven-surefire-common/2.22.1/maven-surefire-common-2.22.1.jar (528 kB at 736 kB/s)
[INFO] Downloading from central-https: https://repo.maven.apache.org/maven2/org/apache/maven/maven-plugin-api/2.2.1/maven-plugin-api-2.2.1.jar
[INFO] Downloading from central-https: https://repo.maven.apache.org/maven2/org/apache/maven/plugin-tools/maven-plugin-annotations/3.5.2/maven-plugin-annotations-3.5.2.jar
[INFO] Downloading from central-https: https://repo.maven.apache.org/maven2/org/apache/maven/surefire/surefire-api/2.22.1/surefire-api-2.22.1.jar
[INFO] Downloading from central-https: https://repo.maven.apache.org/maven2/org/apache/maven/surefire/surefire-logger-api/2.22.1/surefire-logger-api-2.22.1.jar
[INFO] Downloading from central-https: https://repo.maven.apache.org/maven2/org/apache/maven/surefire/surefire-booter/2.22.1/surefire-booter-2.22.1.jar
[INFO] Downloaded from central-https: https://repo.maven.apache.org/maven2/org/apache/maven/maven-plugin-api/2.2.1/maven-plugin-api-2.2.1.jar (12 kB at 74 kB/s)
[INFO] Downloading from central-https: https://repo.maven.apache.org/maven2/org/apache/maven/maven-artifact/2.2.1/maven-artifact-2.2.1.jar
[INFO] Downloaded from central-https: https://repo.maven.apache.org/maven2/org/apache/maven/plugin-tools/maven-plugin-annotations/3.5.2/maven-plugin-annotations-3.5.2.jar (14 kB at 79 kB/s)
[INFO] Downloading from central-https: https://repo.maven.apache.org/maven2/org/codehaus/plexus/plexus-utils/1.5.15/plexus-utils-1.5.15.jar
[INFO] Downloaded from central-https: https://repo.maven.apache.org/maven2/org/apache/maven/surefire/surefire-logger-api/2.22.1/surefire-logger-api-2.22.1.jar (13 kB at 73 kB/s)
[INFO] Downloading from central-https: https://repo.maven.apache.org/maven2/org/apache/maven/maven-plugin-descriptor/2.2.1/maven-plugin-descriptor-2.2.1.jar
[INFO] Downloaded from central-https: https://repo.maven.apache.org/maven2/org/apache/maven/surefire/surefire-booter/2.22.1/surefire-booter-2.22.1.jar (274 kB at 1.4 MB/s)
[INFO] Downloading from central-https: https://repo.maven.apache.org/maven2/org/codehaus/plexus/plexus-container-default/1.0-alpha-9-stable-1/plexus-container-default-1.0-alpha-9-stable-1.jar
[INFO] Downloaded from central-https: https://repo.maven.apache.org/maven2/org/apache/maven/surefire/surefire-api/2.22.1/surefire-api-2.22.1.jar (186 kB at 573 kB/s)
[INFO] Downloading from central-https: https://repo.maven.apache.org/maven2/org/apache/maven/maven-project/2.2.1/maven-project-2.2.1.jar
[INFO] Downloaded from central-https: https://repo.maven.apache.org/maven2/org/apache/maven/maven-artifact/2.2.1/maven-artifact-2.2.1.jar (80 kB at 236 kB/s)
[INFO] Downloading from central-https: https://repo.maven.apache.org/maven2/org/apache/maven/maven-settings/2.2.1/maven-settings-2.2.1.jar
[INFO] Downloaded from central-https: https://repo.maven.apache.org/maven2/org/apache/maven/maven-plugin-descriptor/2.2.1/maven-plugin-descriptor-2.2.1.jar (39 kB at 108 kB/s)
[INFO] Downloading from central-https: https://repo.maven.apache.org/maven2/org/apache/maven/maven-profile/2.2.1/maven-profile-2.2.1.jar
[INFO] Downloaded from central-https: https://repo.maven.apache.org/maven2/org/codehaus/plexus/plexus-container-default/1.0-alpha-9-stable-1/plexus-container-default-1.0-alpha-9-stable-1.jar (194 kB at 494 kB/s)
[INFO] Downloading from central-https: https://repo.maven.apache.org/maven2/org/apache/maven/maven-artifact-manager/2.2.1/maven-artifact-manager-2.2.1.jar
[INFO] Downloaded from central-https: https://repo.maven.apache.org/maven2/org/codehaus/plexus/plexus-utils/1.5.15/plexus-utils-1.5.15.jar (228 kB at 575 kB/s)
[INFO] Downloading from central-https: https://repo.maven.apache.org/maven2/backport-util-concurrent/backport-util-concurrent/3.1/backport-util-concurrent-3.1.jar
[INFO] Downloaded from central-https: https://repo.maven.apache.org/maven2/org/apache/maven/maven-settings/2.2.1/maven-settings-2.2.1.jar (49 kB at 96 kB/s)
[INFO] Downloading from central-https: https://repo.maven.apache.org/maven2/org/apache/maven/maven-plugin-registry/2.2.1/maven-plugin-registry-2.2.1.jar
[INFO] Downloaded from central-https: https://repo.maven.apache.org/maven2/org/apache/maven/maven-profile/2.2.1/maven-profile-2.2.1.jar (35 kB at 65 kB/s)
[INFO] Downloading from central-https: https://repo.maven.apache.org/maven2/org/codehaus/plexus/plexus-interpolation/1.11/plexus-interpolation-1.11.jar
[INFO] Downloaded from central-https: https://repo.maven.apache.org/maven2/org/apache/maven/maven-artifact-manager/2.2.1/maven-artifact-manager-2.2.1.jar (68 kB at 117 kB/s)
[INFO] Downloading from central-https: https://repo.maven.apache.org/maven2/org/apache/maven/maven-model/2.2.1/maven-model-2.2.1.jar
[INFO] Downloaded from central-https: https://repo.maven.apache.org/maven2/org/apache/maven/maven-project/2.2.1/maven-project-2.2.1.jar (156 kB at 250 kB/s)
[INFO] Downloading from central-https: https://repo.maven.apache.org/maven2/org/apache/maven/maven-core/2.2.1/maven-core-2.2.1.jar
[INFO] Downloaded from central-https: https://repo.maven.apache.org/maven2/backport-util-concurrent/backport-util-concurrent/3.1/backport-util-concurrent-3.1.jar (332 kB at 525 kB/s)
[INFO] Downloading from central-https: https://repo.maven.apache.org/maven2/org/apache/maven/maven-plugin-parameter-documenter/2.2.1/maven-plugin-parameter-documenter-2.2.1.jar
[INFO] Downloaded from central-https: https://repo.maven.apache.org/maven2/org/apache/maven/maven-plugin-registry/2.2.1/maven-plugin-registry-2.2.1.jar (30 kB at 44 kB/s)
[INFO] Downloading from central-https: https://repo.maven.apache.org/maven2/org/slf4j/slf4j-jdk14/1.5.6/slf4j-jdk14-1.5.6.jar
[INFO] Downloaded from central-https: https://repo.maven.apache.org/maven2/org/codehaus/plexus/plexus-interpolation/1.11/plexus-interpolation-1.11.jar (51 kB at 71 kB/s)
[INFO] Downloading from central-https: https://repo.maven.apache.org/maven2/org/slf4j/slf4j-api/1.5.6/slf4j-api-1.5.6.jar
[INFO] Downloaded from central-https: https://repo.maven.apache.org/maven2/org/apache/maven/maven-model/2.2.1/maven-model-2.2.1.jar (88 kB at 115 kB/s)
[INFO] Downloading from central-https: https://repo.maven.apache.org/maven2/org/slf4j/jcl-over-slf4j/1.5.6/jcl-over-slf4j-1.5.6.jar
[INFO] Downloaded from central-https: https://repo.maven.apache.org/maven2/org/apache/maven/maven-plugin-parameter-documenter/2.2.1/maven-plugin-parameter-documenter-2.2.1.jar (22 kB at 27 kB/s)
[INFO] Downloading from central-https: https://repo.maven.apache.org/maven2/org/apache/maven/reporting/maven-reporting-api/3.0/maven-reporting-api-3.0.jar
[INFO] Downloaded from central-https: https://repo.maven.apache.org/maven2/org/slf4j/slf4j-jdk14/1.5.6/slf4j-jdk14-1.5.6.jar (8.8 kB at 10 kB/s)
[INFO] Downloading from central-https: https://repo.maven.apache.org/maven2/org/apache/maven/maven-repository-metadata/2.2.1/maven-repository-metadata-2.2.1.jar
[INFO] Downloaded from central-https: https://repo.maven.apache.org/maven2/org/slf4j/slf4j-api/1.5.6/slf4j-api-1.5.6.jar (22 kB at 25 kB/s)
[INFO] Downloading from central-https: https://repo.maven.apache.org/maven2/org/apache/maven/maven-error-diagnostics/2.2.1/maven-error-diagnostics-2.2.1.jar
[INFO] Downloaded from central-https: https://repo.maven.apache.org/maven2/org/slf4j/jcl-over-slf4j/1.5.6/jcl-over-slf4j-1.5.6.jar (17 kB at 18 kB/s)
[INFO] Downloading from central-https: https://repo.maven.apache.org/maven2/org/apache/maven/maven-monitor/2.2.1/maven-monitor-2.2.1.jar
[INFO] Downloaded from central-https: https://repo.maven.apache.org/maven2/org/apache/maven/maven-core/2.2.1/maven-core-2.2.1.jar (178 kB at 187 kB/s)
[INFO] Downloading from central-https: https://repo.maven.apache.org/maven2/classworlds/classworlds/1.1/classworlds-1.1.jar
[INFO] Downloaded from central-https: https://repo.maven.apache.org/maven2/org/apache/maven/reporting/maven-reporting-api/3.0/maven-reporting-api-3.0.jar (11 kB at 11 kB/s)
[INFO] Downloading from central-https: https://repo.maven.apache.org/maven2/org/apache/maven/maven-toolchain/2.2.1/maven-toolchain-2.2.1.jar
[INFO] Downloaded from central-https: https://repo.maven.apache.org/maven2/org/apache/maven/maven-repository-metadata/2.2.1/maven-repository-metadata-2.2.1.jar (26 kB at 25 kB/s)
[INFO] Downloading from central-https: https://repo.maven.apache.org/maven2/com/thoughtworks/qdox/qdox/2.0-M8/qdox-2.0-M8.jar
[INFO] Downloaded from central-https: https://repo.maven.apache.org/maven2/org/apache/maven/maven-error-diagnostics/2.2.1/maven-error-diagnostics-2.2.1.jar (13 kB at 12 kB/s)
[INFO] Downloaded from central-https: https://repo.maven.apache.org/maven2/org/apache/maven/maven-monitor/2.2.1/maven-monitor-2.2.1.jar (10 kB at 9.3 kB/s)
[INFO] Downloaded from central-https: https://repo.maven.apache.org/maven2/classworlds/classworlds/1.1/classworlds-1.1.jar (38 kB at 33 kB/s)
[INFO] Downloaded from central-https: https://repo.maven.apache.org/maven2/org/apache/maven/maven-toolchain/2.2.1/maven-toolchain-2.2.1.jar (38 kB at 32 kB/s)
[INFO] Downloaded from central-https: https://repo.maven.apache.org/maven2/com/thoughtworks/qdox/qdox/2.0-M8/qdox-2.0-M8.jar (316 kB at 261 kB/s)
[INFO] Tests are skipped.
[INFO] 
[INFO] --- jar:3.1.1:jar (default-jar) @ jeecg-boot-base-common ---
[INFO] Downloading from central-https: https://repo.maven.apache.org/maven2/org/apache/maven/maven-archiver/3.3.0/maven-archiver-3.3.0.pom
[INFO] Downloaded from central-https: https://repo.maven.apache.org/maven2/org/apache/maven/maven-archiver/3.3.0/maven-archiver-3.3.0.pom (4.4 kB at 27 kB/s)
[INFO] Downloading from central-https: https://repo.maven.apache.org/maven2/org/apache/maven/shared/maven-shared-components/33/maven-shared-components-33.pom
[INFO] Downloaded from central-https: https://repo.maven.apache.org/maven2/org/apache/maven/shared/maven-shared-components/33/maven-shared-components-33.pom (5.1 kB at 31 kB/s)
[INFO] Downloading from central-https: https://repo.maven.apache.org/maven2/org/codehaus/plexus/plexus-archiver/3.6.0/plexus-archiver-3.6.0.pom
[INFO] Downloaded from central-https: https://repo.maven.apache.org/maven2/org/codehaus/plexus/plexus-archiver/3.6.0/plexus-archiver-3.6.0.pom (4.8 kB at 28 kB/s)
[INFO] Downloading from central-https: https://repo.maven.apache.org/maven2/org/codehaus/plexus/plexus/5.0/plexus-5.0.pom
[INFO] Downloaded from central-https: https://repo.maven.apache.org/maven2/org/codehaus/plexus/plexus/5.0/plexus-5.0.pom (21 kB at 127 kB/s)
[INFO] Downloading from central-https: https://repo.maven.apache.org/maven2/org/codehaus/plexus/plexus-io/3.0.1/plexus-io-3.0.1.pom
[INFO] Downloaded from central-https: https://repo.maven.apache.org/maven2/org/codehaus/plexus/plexus-io/3.0.1/plexus-io-3.0.1.pom (4.5 kB at 27 kB/s)
[INFO] Downloading from central-https: https://repo.maven.apache.org/maven2/org/apache/commons/commons-compress/1.16.1/commons-compress-1.16.1.pom
[INFO] Downloaded from central-https: https://repo.maven.apache.org/maven2/org/apache/commons/commons-compress/1.16.1/commons-compress-1.16.1.pom (16 kB at 93 kB/s)
[INFO] Downloading from central-https: https://repo.maven.apache.org/maven2/org/apache/commons/commons-parent/43/commons-parent-43.pom
[INFO] Downloaded from central-https: https://repo.maven.apache.org/maven2/org/apache/commons/commons-parent/43/commons-parent-43.pom (70 kB at 412 kB/s)
[INFO] Downloading from central-https: https://repo.maven.apache.org/maven2/org/iq80/snappy/snappy/0.4/snappy-0.4.pom
[INFO] Downloaded from central-https: https://repo.maven.apache.org/maven2/org/iq80/snappy/snappy/0.4/snappy-0.4.pom (15 kB at 86 kB/s)
[INFO] Downloading from central-https: https://repo.maven.apache.org/maven2/org/tukaani/xz/1.8/xz-1.8.pom
[INFO] Downloaded from central-https: https://repo.maven.apache.org/maven2/org/tukaani/xz/1.8/xz-1.8.pom (1.9 kB at 12 kB/s)
[INFO] Downloading from central-https: https://repo.maven.apache.org/maven2/org/codehaus/plexus/plexus-interpolation/1.25/plexus-interpolation-1.25.pom
[INFO] Downloaded from central-https: https://repo.maven.apache.org/maven2/org/codehaus/plexus/plexus-interpolation/1.25/plexus-interpolation-1.25.pom (2.6 kB at 16 kB/s)
[INFO] Downloading from central-https: https://repo.maven.apache.org/maven2/org/codehaus/plexus/plexus/5.1/plexus-5.1.pom
[INFO] Downloaded from central-https: https://repo.maven.apache.org/maven2/org/codehaus/plexus/plexus/5.1/plexus-5.1.pom (23 kB at 139 kB/s)
[INFO] Downloading from central-https: https://repo.maven.apache.org/maven2/org/codehaus/plexus/plexus-archiver/3.7.0/plexus-archiver-3.7.0.pom
[INFO] Downloaded from central-https: https://repo.maven.apache.org/maven2/org/codehaus/plexus/plexus-archiver/3.7.0/plexus-archiver-3.7.0.pom (4.8 kB at 29 kB/s)
[INFO] Downloading from central-https: https://repo.maven.apache.org/maven2/org/codehaus/plexus/plexus-io/3.1.0/plexus-io-3.1.0.pom
[INFO] Downloaded from central-https: https://repo.maven.apache.org/maven2/org/codehaus/plexus/plexus-io/3.1.0/plexus-io-3.1.0.pom (4.5 kB at 28 kB/s)
[INFO] Downloading from central-https: https://repo.maven.apache.org/maven2/org/apache/commons/commons-compress/1.18/commons-compress-1.18.pom
[INFO] Downloaded from central-https: https://repo.maven.apache.org/maven2/org/apache/commons/commons-compress/1.18/commons-compress-1.18.pom (18 kB at 108 kB/s)
[INFO] Downloading from central-https: https://repo.maven.apache.org/maven2/org/apache/maven/maven-archiver/3.3.0/maven-archiver-3.3.0.jar
[INFO] Downloaded from central-https: https://repo.maven.apache.org/maven2/org/apache/maven/maven-archiver/3.3.0/maven-archiver-3.3.0.jar (24 kB at 139 kB/s)
[INFO] Downloading from central-https: https://repo.maven.apache.org/maven2/org/codehaus/plexus/plexus-archiver/3.7.0/plexus-archiver-3.7.0.jar
[INFO] Downloading from central-https: https://repo.maven.apache.org/maven2/org/codehaus/plexus/plexus-io/3.1.0/plexus-io-3.1.0.jar
[INFO] Downloading from central-https: https://repo.maven.apache.org/maven2/org/apache/commons/commons-compress/1.18/commons-compress-1.18.jar
[INFO] Downloading from central-https: https://repo.maven.apache.org/maven2/org/iq80/snappy/snappy/0.4/snappy-0.4.jar
[INFO] Downloading from central-https: https://repo.maven.apache.org/maven2/org/tukaani/xz/1.8/xz-1.8.jar
[INFO] Downloaded from central-https: https://repo.maven.apache.org/maven2/org/codehaus/plexus/plexus-io/3.1.0/plexus-io-3.1.0.jar (75 kB at 430 kB/s)
[INFO] Downloaded from central-https: https://repo.maven.apache.org/maven2/org/tukaani/xz/1.8/xz-1.8.jar (109 kB at 581 kB/s)
[INFO] Downloaded from central-https: https://repo.maven.apache.org/maven2/org/iq80/snappy/snappy/0.4/snappy-0.4.jar (58 kB at 308 kB/s)
[INFO] Downloaded from central-https: https://repo.maven.apache.org/maven2/org/codehaus/plexus/plexus-archiver/3.7.0/plexus-archiver-3.7.0.jar (192 kB at 912 kB/s)
[INFO] Downloaded from central-https: https://repo.maven.apache.org/maven2/org/apache/commons/commons-compress/1.18/commons-compress-1.18.jar (592 kB at 980 kB/s)
[INFO] Building jar: /Users/xuzihan/Documents/Projects/TeachingOpen/.devspace/artifacts/completion-audit-20261005/clean-backend/api/jeecg-boot-base-common/target/jeecg-boot-base-common-2.8.0.jar
[INFO] 
[INFO] ---------------< org.jeecgframework.boot:teaching-open >----------------
[INFO] Building teaching-open 2.8.0                                       [3/3]
[INFO]   from jeecg-boot-module-system/pom.xml
[INFO] --------------------------------[ jar ]---------------------------------
[INFO] Downloading from central-https: https://repo.maven.apache.org/maven2/org/springframework/boot/spring-boot-maven-plugin/2.1.3.RELEASE/spring-boot-maven-plugin-2.1.3.RELEASE.pom
[INFO] Downloaded from central-https: https://repo.maven.apache.org/maven2/org/springframework/boot/spring-boot-maven-plugin/2.1.3.RELEASE/spring-boot-maven-plugin-2.1.3.RELEASE.pom (4.8 kB at 28 kB/s)
[INFO] Downloading from central-https: https://repo.maven.apache.org/maven2/org/springframework/boot/spring-boot-tools/2.1.3.RELEASE/spring-boot-tools-2.1.3.RELEASE.pom
[INFO] Downloaded from central-https: https://repo.maven.apache.org/maven2/org/springframework/boot/spring-boot-tools/2.1.3.RELEASE/spring-boot-tools-2.1.3.RELEASE.pom (1.8 kB at 11 kB/s)
[INFO] Downloading from central-https: https://repo.maven.apache.org/maven2/org/springframework/boot/spring-boot-maven-plugin/2.1.3.RELEASE/spring-boot-maven-plugin-2.1.3.RELEASE.jar
[INFO] Downloaded from central-https: https://repo.maven.apache.org/maven2/org/springframework/boot/spring-boot-maven-plugin/2.1.3.RELEASE/spring-boot-maven-plugin-2.1.3.RELEASE.jar (68 kB at 320 kB/s)
[INFO] Downloading from central-https: https://repo.maven.apache.org/maven2/mysql/mysql-connector-java/8.0.15/mysql-connector-java-8.0.15.pom
[INFO] Downloaded from central-https: https://repo.maven.apache.org/maven2/mysql/mysql-connector-java/8.0.15/mysql-connector-java-8.0.15.pom (1.1 kB at 6.2 kB/s)
[INFO] Downloading from central-https: https://repo.maven.apache.org/maven2/org/postgresql/postgresql/42.2.5/postgresql-42.2.5.pom
[INFO] Downloaded from central-https: https://repo.maven.apache.org/maven2/org/postgresql/postgresql/42.2.5/postgresql-42.2.5.pom (11 kB at 66 kB/s)
[INFO] Downloading from central-https: https://repo.maven.apache.org/maven2/org/postgresql/pgjdbc-core-parent/1.1.5/pgjdbc-core-parent-1.1.5.pom
[INFO] Downloaded from central-https: https://repo.maven.apache.org/maven2/org/postgresql/pgjdbc-core-parent/1.1.5/pgjdbc-core-parent-1.1.5.pom (18 kB at 102 kB/s)
[INFO] Downloading from central-https: https://repo.maven.apache.org/maven2/org/postgresql/pgjdbc-versions/1.1.5/pgjdbc-versions-1.1.5.pom
[INFO] Downloaded from central-https: https://repo.maven.apache.org/maven2/org/postgresql/pgjdbc-versions/1.1.5/pgjdbc-versions-1.1.5.pom (23 kB at 132 kB/s)
[INFO] Downloading from central-https: https://repo.maven.apache.org/maven2/org/hibernate/hibernate-core/5.3.7.Final/hibernate-core-5.3.7.Final.pom
[INFO] Downloaded from central-https: https://repo.maven.apache.org/maven2/org/hibernate/hibernate-core/5.3.7.Final/hibernate-core-5.3.7.Final.pom (5.5 kB at 32 kB/s)
[INFO] Downloading from central-https: https://repo.maven.apache.org/maven2/org/javassist/javassist/3.23.1-GA/javassist-3.23.1-GA.pom
[INFO] Downloaded from central-https: https://repo.maven.apache.org/maven2/org/javassist/javassist/3.23.1-GA/javassist-3.23.1-GA.pom (10 kB at 60 kB/s)
[INFO] Downloading from central-https: https://repo.maven.apache.org/maven2/org/dom4j/dom4j/2.1.1/dom4j-2.1.1.pom
[INFO] Downloaded from central-https: https://repo.maven.apache.org/maven2/org/dom4j/dom4j/2.1.1/dom4j-2.1.1.pom (2.4 kB at 14 kB/s)
[INFO] 
[INFO] --- clean:3.1.0:clean (default-clean) @ teaching-open ---
[INFO] 
[INFO] --- resources:3.1.0:resources (default-resources) @ teaching-open ---
[INFO] Using 'UTF-8' encoding to copy filtered resources.
[INFO] Copying 518 resources
[INFO] Copying 65 resources
[INFO] 
[INFO] --- compiler:3.8.0:compile (default-compile) @ teaching-open ---
[INFO] Changes detected - recompiling the module!
[INFO] Compiling 347 source files to /Users/xuzihan/Documents/Projects/TeachingOpen/.devspace/artifacts/completion-audit-20261005/clean-backend/api/jeecg-boot-module-system/target/classes
[WARNING] /Users/xuzihan/Documents/Projects/TeachingOpen/.devspace/artifacts/completion-audit-20261005/clean-backend/api/jeecg-boot-module-system/src/main/java/org/jeecg/modules/teaching/controller/TeachingScratchBackpackController.java:[18,16] sun.misc.BASE64Decoder是内部专用 API, 可能会在未来发行版中删除
[WARNING] /Users/xuzihan/Documents/Projects/TeachingOpen/.devspace/artifacts/completion-audit-20261005/clean-backend/api/jeecg-boot-module-system/src/main/java/org/jeecg/modules/teaching/controller/TeachingScratchBackpackController.java:[18,16] sun.misc.BASE64Decoder是内部专用 API, 可能会在未来发行版中删除
[WARNING] /Users/xuzihan/Documents/Projects/TeachingOpen/.devspace/artifacts/completion-audit-20261005/clean-backend/api/jeecg-boot-module-system/src/main/java/org/jeecg/modules/teaching/controller/TeachingScratchBackpackController.java:[18,16] sun.misc.BASE64Decoder是内部专用 API, 可能会在未来发行版中删除
[WARNING] /Users/xuzihan/Documents/Projects/TeachingOpen/.devspace/artifacts/completion-audit-20261005/clean-backend/api/jeecg-boot-module-system/src/main/java/org/jeecg/modules/teaching/controller/TeachingScratchBackpackController.java:[18,16] sun.misc.BASE64Decoder是内部专用 API, 可能会在未来发行版中删除
[WARNING] /Users/xuzihan/Documents/Projects/TeachingOpen/.devspace/artifacts/completion-audit-20261005/clean-backend/api/jeecg-boot-module-system/src/main/java/org/jeecg/modules/teaching/controller/TeachingScratchBackpackController.java:[38,9] sun.misc.BASE64Decoder是内部专用 API, 可能会在未来发行版中删除
[WARNING] /Users/xuzihan/Documents/Projects/TeachingOpen/.devspace/artifacts/completion-audit-20261005/clean-backend/api/jeecg-boot-module-system/src/main/java/org/jeecg/modules/teaching/controller/TeachingScratchBackpackController.java:[38,37] sun.misc.BASE64Decoder是内部专用 API, 可能会在未来发行版中删除
[INFO] /Users/xuzihan/Documents/Projects/TeachingOpen/.devspace/artifacts/completion-audit-20261005/clean-backend/api/jeecg-boot-module-system/src/main/java/org/jeecg/modules/system/service/impl/SysDictServiceImpl.java: 某些输入文件使用或覆盖了已过时的 API。
[INFO] /Users/xuzihan/Documents/Projects/TeachingOpen/.devspace/artifacts/completion-audit-20261005/clean-backend/api/jeecg-boot-module-system/src/main/java/org/jeecg/modules/system/service/impl/SysDictServiceImpl.java: 有关详细信息, 请使用 -Xlint:deprecation 重新编译。
[INFO] /Users/xuzihan/Documents/Projects/TeachingOpen/.devspace/artifacts/completion-audit-20261005/clean-backend/api/jeecg-boot-module-system/src/main/java/org/jeecg/modules/system/controller/SysAnnouncementSendController.java: 某些输入文件使用了未经检查或不安全的操作。
[INFO] /Users/xuzihan/Documents/Projects/TeachingOpen/.devspace/artifacts/completion-audit-20261005/clean-backend/api/jeecg-boot-module-system/src/main/java/org/jeecg/modules/system/controller/SysAnnouncementSendController.java: 有关详细信息, 请使用 -Xlint:unchecked 重新编译。
[INFO] 
[INFO] --- resources:3.1.0:testResources (default-testResources) @ teaching-open ---
[INFO] Using 'UTF-8' encoding to copy filtered resources.
[INFO] skip non existing resourceDirectory /Users/xuzihan/Documents/Projects/TeachingOpen/.devspace/artifacts/completion-audit-20261005/clean-backend/api/jeecg-boot-module-system/src/test/resources
[INFO] 
[INFO] --- compiler:3.8.0:testCompile (default-testCompile) @ teaching-open ---
[INFO] Changes detected - recompiling the module!
[INFO] Compiling 5 source files to /Users/xuzihan/Documents/Projects/TeachingOpen/.devspace/artifacts/completion-audit-20261005/clean-backend/api/jeecg-boot-module-system/target/test-classes
[INFO] /Users/xuzihan/Documents/Projects/TeachingOpen/.devspace/artifacts/completion-audit-20261005/clean-backend/api/jeecg-boot-module-system/src/test/java/org/jeecg/maintenance/VerifyShiroMaintenance.java: /Users/xuzihan/Documents/Projects/TeachingOpen/.devspace/artifacts/completion-audit-20261005/clean-backend/api/jeecg-boot-module-system/src/test/java/org/jeecg/maintenance/VerifyShiroMaintenance.java使用或覆盖了已过时的 API。
[INFO] /Users/xuzihan/Documents/Projects/TeachingOpen/.devspace/artifacts/completion-audit-20261005/clean-backend/api/jeecg-boot-module-system/src/test/java/org/jeecg/maintenance/VerifyShiroMaintenance.java: 有关详细信息, 请使用 -Xlint:deprecation 重新编译。
[INFO] /Users/xuzihan/Documents/Projects/TeachingOpen/.devspace/artifacts/completion-audit-20261005/clean-backend/api/jeecg-boot-module-system/src/test/java/org/jeecg/accountrecovery/AccountRecoveryServiceTest.java: /Users/xuzihan/Documents/Projects/TeachingOpen/.devspace/artifacts/completion-audit-20261005/clean-backend/api/jeecg-boot-module-system/src/test/java/org/jeecg/accountrecovery/AccountRecoveryServiceTest.java使用了未经检查或不安全的操作。
[INFO] /Users/xuzihan/Documents/Projects/TeachingOpen/.devspace/artifacts/completion-audit-20261005/clean-backend/api/jeecg-boot-module-system/src/test/java/org/jeecg/accountrecovery/AccountRecoveryServiceTest.java: 有关详细信息, 请使用 -Xlint:unchecked 重新编译。
[INFO] 
[INFO] --- surefire:2.22.1:test (default-test) @ teaching-open ---
[INFO] Tests are skipped.
[INFO] 
[INFO] --- jar:3.1.1:jar (default-jar) @ teaching-open ---
[INFO] Building jar: /Users/xuzihan/Documents/Projects/TeachingOpen/.devspace/artifacts/completion-audit-20261005/clean-backend/api/jeecg-boot-module-system/target/teaching-open-2.8.0.jar
[INFO] 
[INFO] --- spring-boot:2.1.3.RELEASE:repackage (repackage) @ teaching-open ---
[INFO] Downloading from central-https: https://repo.maven.apache.org/maven2/org/springframework/boot/spring-boot-loader-tools/2.1.3.RELEASE/spring-boot-loader-tools-2.1.3.RELEASE.pom
[INFO] Downloaded from central-https: https://repo.maven.apache.org/maven2/org/springframework/boot/spring-boot-loader-tools/2.1.3.RELEASE/spring-boot-loader-tools-2.1.3.RELEASE.pom (2.7 kB at 16 kB/s)
[INFO] Downloading from central-https: https://repo.maven.apache.org/maven2/org/apache/maven/maven-archiver/3.2.0/maven-archiver-3.2.0.pom
[INFO] Downloaded from central-https: https://repo.maven.apache.org/maven2/org/apache/maven/maven-archiver/3.2.0/maven-archiver-3.2.0.pom (4.3 kB at 25 kB/s)
[INFO] Downloading from central-https: https://repo.maven.apache.org/maven2/org/codehaus/plexus/plexus-component-annotations/1.5.5/plexus-component-annotations-1.5.5.pom
[INFO] Downloaded from central-https: https://repo.maven.apache.org/maven2/org/codehaus/plexus/plexus-component-annotations/1.5.5/plexus-component-annotations-1.5.5.pom (815 B at 5.0 kB/s)
[INFO] Downloading from central-https: https://repo.maven.apache.org/maven2/org/codehaus/plexus/plexus-containers/1.5.5/plexus-containers-1.5.5.pom
[INFO] Downloaded from central-https: https://repo.maven.apache.org/maven2/org/codehaus/plexus/plexus-containers/1.5.5/plexus-containers-1.5.5.pom (4.2 kB at 25 kB/s)
[INFO] Downloading from central-https: https://repo.maven.apache.org/maven2/org/codehaus/plexus/plexus-component-annotations/1.5.4/plexus-component-annotations-1.5.4.pom
[INFO] Downloaded from central-https: https://repo.maven.apache.org/maven2/org/codehaus/plexus/plexus-component-annotations/1.5.4/plexus-component-annotations-1.5.4.pom (815 B at 4.9 kB/s)
[INFO] Downloading from central-https: https://repo.maven.apache.org/maven2/org/codehaus/plexus/plexus-containers/1.5.4/plexus-containers-1.5.4.pom
[INFO] Downloaded from central-https: https://repo.maven.apache.org/maven2/org/codehaus/plexus/plexus-containers/1.5.4/plexus-containers-1.5.4.pom (4.2 kB at 25 kB/s)
[INFO] Downloading from central-https: https://repo.maven.apache.org/maven2/org/codehaus/plexus/plexus/2.0.5/plexus-2.0.5.pom
[INFO] Downloaded from central-https: https://repo.maven.apache.org/maven2/org/codehaus/plexus/plexus/2.0.5/plexus-2.0.5.pom (17 kB at 101 kB/s)
[INFO] Downloading from central-https: https://repo.maven.apache.org/maven2/org/apache/maven/shared/maven-shared-utils/3.2.0/maven-shared-utils-3.2.0.pom
[INFO] Downloaded from central-https: https://repo.maven.apache.org/maven2/org/apache/maven/shared/maven-shared-utils/3.2.0/maven-shared-utils-3.2.0.pom (4.9 kB at 30 kB/s)
[INFO] Downloading from central-https: https://repo.maven.apache.org/maven2/org/codehaus/plexus/plexus-archiver/3.5/plexus-archiver-3.5.pom
[INFO] Downloaded from central-https: https://repo.maven.apache.org/maven2/org/codehaus/plexus/plexus-archiver/3.5/plexus-archiver-3.5.pom (4.8 kB at 28 kB/s)
[INFO] Downloading from central-https: https://repo.maven.apache.org/maven2/org/codehaus/plexus/plexus-io/3.0.0/plexus-io-3.0.0.pom
[INFO] Downloaded from central-https: https://repo.maven.apache.org/maven2/org/codehaus/plexus/plexus-io/3.0.0/plexus-io-3.0.0.pom (4.5 kB at 27 kB/s)
[INFO] Downloading from central-https: https://repo.maven.apache.org/maven2/org/apache/commons/commons-compress/1.14/commons-compress-1.14.pom
[INFO] Downloaded from central-https: https://repo.maven.apache.org/maven2/org/apache/commons/commons-compress/1.14/commons-compress-1.14.pom (13 kB at 76 kB/s)
[INFO] Downloading from central-https: https://repo.maven.apache.org/maven2/org/tukaani/xz/1.6/xz-1.6.pom
[INFO] Downloaded from central-https: https://repo.maven.apache.org/maven2/org/tukaani/xz/1.6/xz-1.6.pom (1.9 kB at 12 kB/s)
[INFO] Downloading from central-https: https://repo.maven.apache.org/maven2/org/apache/maven/maven-artifact/3.3.9/maven-artifact-3.3.9.pom
[INFO] Downloaded from central-https: https://repo.maven.apache.org/maven2/org/apache/maven/maven-artifact/3.3.9/maven-artifact-3.3.9.pom (2.1 kB at 13 kB/s)
[INFO] Downloading from central-https: https://repo.maven.apache.org/maven2/org/apache/maven/maven/3.3.9/maven-3.3.9.pom
[INFO] Downloaded from central-https: https://repo.maven.apache.org/maven2/org/apache/maven/maven/3.3.9/maven-3.3.9.pom (24 kB at 142 kB/s)
[INFO] Downloading from central-https: https://repo.maven.apache.org/maven2/org/apache/maven/maven-parent/27/maven-parent-27.pom
[INFO] Downloaded from central-https: https://repo.maven.apache.org/maven2/org/apache/maven/maven-parent/27/maven-parent-27.pom (41 kB at 239 kB/s)
[INFO] Downloading from central-https: https://repo.maven.apache.org/maven2/org/apache/maven/maven-core/3.3.9/maven-core-3.3.9.pom
[INFO] Downloaded from central-https: https://repo.maven.apache.org/maven2/org/apache/maven/maven-core/3.3.9/maven-core-3.3.9.pom (8.3 kB at 51 kB/s)
[INFO] Downloading from central-https: https://repo.maven.apache.org/maven2/org/apache/maven/maven-model/3.3.9/maven-model-3.3.9.pom
[INFO] Downloaded from central-https: https://repo.maven.apache.org/maven2/org/apache/maven/maven-model/3.3.9/maven-model-3.3.9.pom (4.0 kB at 24 kB/s)
[INFO] Downloading from central-https: https://repo.maven.apache.org/maven2/org/apache/maven/maven-settings/3.3.9/maven-settings-3.3.9.pom
[INFO] Downloaded from central-https: https://repo.maven.apache.org/maven2/org/apache/maven/maven-settings/3.3.9/maven-settings-3.3.9.pom (1.8 kB at 11 kB/s)
[INFO] Downloading from central-https: https://repo.maven.apache.org/maven2/org/apache/maven/maven-settings-builder/3.3.9/maven-settings-builder-3.3.9.pom
[INFO] Downloaded from central-https: https://repo.maven.apache.org/maven2/org/apache/maven/maven-settings-builder/3.3.9/maven-settings-builder-3.3.9.pom (2.6 kB at 16 kB/s)
[INFO] Downloading from central-https: https://repo.maven.apache.org/maven2/org/apache/maven/maven-builder-support/3.3.9/maven-builder-support-3.3.9.pom
[INFO] Downloaded from central-https: https://repo.maven.apache.org/maven2/org/apache/maven/maven-builder-support/3.3.9/maven-builder-support-3.3.9.pom (1.7 kB at 9.9 kB/s)
[INFO] Downloading from central-https: https://repo.maven.apache.org/maven2/org/codehaus/plexus/plexus-interpolation/1.21/plexus-interpolation-1.21.pom
[INFO] Downloaded from central-https: https://repo.maven.apache.org/maven2/org/codehaus/plexus/plexus-interpolation/1.21/plexus-interpolation-1.21.pom (1.5 kB at 9.4 kB/s)
[INFO] Downloading from central-https: https://repo.maven.apache.org/maven2/org/codehaus/plexus/plexus-component-annotations/1.6/plexus-component-annotations-1.6.pom
[INFO] Downloaded from central-https: https://repo.maven.apache.org/maven2/org/codehaus/plexus/plexus-component-annotations/1.6/plexus-component-annotations-1.6.pom (748 B at 4.5 kB/s)
[INFO] Downloading from central-https: https://repo.maven.apache.org/maven2/org/codehaus/plexus/plexus-containers/1.6/plexus-containers-1.6.pom
[INFO] Downloaded from central-https: https://repo.maven.apache.org/maven2/org/codehaus/plexus/plexus-containers/1.6/plexus-containers-1.6.pom (3.8 kB at 23 kB/s)
[INFO] Downloading from central-https: https://repo.maven.apache.org/maven2/org/codehaus/plexus/plexus/3.3.2/plexus-3.3.2.pom
[INFO] Downloaded from central-https: https://repo.maven.apache.org/maven2/org/codehaus/plexus/plexus/3.3.2/plexus-3.3.2.pom (22 kB at 127 kB/s)
[INFO] Downloading from central-https: https://repo.maven.apache.org/maven2/org/apache/maven/maven-repository-metadata/3.3.9/maven-repository-metadata-3.3.9.pom
[INFO] Downloaded from central-https: https://repo.maven.apache.org/maven2/org/apache/maven/maven-repository-metadata/3.3.9/maven-repository-metadata-3.3.9.pom (1.9 kB at 11 kB/s)
[INFO] Downloading from central-https: https://repo.maven.apache.org/maven2/org/apache/maven/maven-plugin-api/3.3.9/maven-plugin-api-3.3.9.pom
[INFO] Downloaded from central-https: https://repo.maven.apache.org/maven2/org/apache/maven/maven-plugin-api/3.3.9/maven-plugin-api-3.3.9.pom (2.7 kB at 16 kB/s)
[INFO] Downloading from central-https: https://repo.maven.apache.org/maven2/org/eclipse/sisu/org.eclipse.sisu.plexus/0.3.2/org.eclipse.sisu.plexus-0.3.2.pom
[INFO] Downloaded from central-https: https://repo.maven.apache.org/maven2/org/eclipse/sisu/org.eclipse.sisu.plexus/0.3.2/org.eclipse.sisu.plexus-0.3.2.pom (4.2 kB at 25 kB/s)
[INFO] Downloading from central-https: https://repo.maven.apache.org/maven2/org/eclipse/sisu/sisu-plexus/0.3.2/sisu-plexus-0.3.2.pom
[INFO] Downloaded from central-https: https://repo.maven.apache.org/maven2/org/eclipse/sisu/sisu-plexus/0.3.2/sisu-plexus-0.3.2.pom (14 kB at 82 kB/s)
[INFO] Downloading from central-https: https://repo.maven.apache.org/maven2/javax/enterprise/cdi-api/1.0/cdi-api-1.0.pom
[INFO] Downloaded from central-https: https://repo.maven.apache.org/maven2/javax/enterprise/cdi-api/1.0/cdi-api-1.0.pom (1.4 kB at 8.5 kB/s)
[INFO] Downloading from central-https: https://repo.maven.apache.org/maven2/org/jboss/weld/weld-api-parent/1.0/weld-api-parent-1.0.pom
[INFO] Downloaded from central-https: https://repo.maven.apache.org/maven2/org/jboss/weld/weld-api-parent/1.0/weld-api-parent-1.0.pom (2.4 kB at 12 kB/s)
[INFO] Downloading from central-https: https://repo.maven.apache.org/maven2/org/jboss/weld/weld-api-bom/1.0/weld-api-bom-1.0.pom
[INFO] Downloaded from central-https: https://repo.maven.apache.org/maven2/org/jboss/weld/weld-api-bom/1.0/weld-api-bom-1.0.pom (7.9 kB at 47 kB/s)
[INFO] Downloading from central-https: https://repo.maven.apache.org/maven2/org/jboss/weld/weld-parent/6/weld-parent-6.pom
[INFO] Downloaded from central-https: https://repo.maven.apache.org/maven2/org/jboss/weld/weld-parent/6/weld-parent-6.pom (21 kB at 117 kB/s)
[INFO] Downloading from central-https: https://repo.maven.apache.org/maven2/javax/annotation/jsr250-api/1.0/jsr250-api-1.0.pom
[INFO] Downloaded from central-https: https://repo.maven.apache.org/maven2/javax/annotation/jsr250-api/1.0/jsr250-api-1.0.pom (1.0 kB at 6.0 kB/s)
[INFO] Downloading from central-https: https://repo.maven.apache.org/maven2/javax/inject/javax.inject/1/javax.inject-1.pom
[INFO] Downloaded from central-https: https://repo.maven.apache.org/maven2/javax/inject/javax.inject/1/javax.inject-1.pom (612 B at 3.5 kB/s)
[INFO] Downloading from central-https: https://repo.maven.apache.org/maven2/org/eclipse/sisu/org.eclipse.sisu.inject/0.3.2/org.eclipse.sisu.inject-0.3.2.pom
[INFO] Downloaded from central-https: https://repo.maven.apache.org/maven2/org/eclipse/sisu/org.eclipse.sisu.inject/0.3.2/org.eclipse.sisu.inject-0.3.2.pom (2.6 kB at 15 kB/s)
[INFO] Downloading from central-https: https://repo.maven.apache.org/maven2/org/eclipse/sisu/sisu-inject/0.3.2/sisu-inject-0.3.2.pom
[INFO] Downloaded from central-https: https://repo.maven.apache.org/maven2/org/eclipse/sisu/sisu-inject/0.3.2/sisu-inject-0.3.2.pom (14 kB at 85 kB/s)
[INFO] Downloading from central-https: https://repo.maven.apache.org/maven2/org/codehaus/plexus/plexus-classworlds/2.5.2/plexus-classworlds-2.5.2.pom
[INFO] Downloaded from central-https: https://repo.maven.apache.org/maven2/org/codehaus/plexus/plexus-classworlds/2.5.2/plexus-classworlds-2.5.2.pom (7.3 kB at 43 kB/s)
[INFO] Downloading from central-https: https://repo.maven.apache.org/maven2/org/codehaus/plexus/plexus-utils/3.0.17/plexus-utils-3.0.17.pom
[INFO] Downloaded from central-https: https://repo.maven.apache.org/maven2/org/codehaus/plexus/plexus-utils/3.0.17/plexus-utils-3.0.17.pom (3.4 kB at 21 kB/s)
[INFO] Downloading from central-https: https://repo.maven.apache.org/maven2/org/apache/maven/maven-model-builder/3.3.9/maven-model-builder-3.3.9.pom
[INFO] Downloaded from central-https: https://repo.maven.apache.org/maven2/org/apache/maven/maven-model-builder/3.3.9/maven-model-builder-3.3.9.pom (3.1 kB at 19 kB/s)
[INFO] Downloading from central-https: https://repo.maven.apache.org/maven2/com/google/guava/guava/18.0/guava-18.0.pom
[INFO] Downloaded from central-https: https://repo.maven.apache.org/maven2/com/google/guava/guava/18.0/guava-18.0.pom (5.7 kB at 31 kB/s)
[INFO] Downloading from central-https: https://repo.maven.apache.org/maven2/com/google/guava/guava-parent/18.0/guava-parent-18.0.pom
[INFO] Downloaded from central-https: https://repo.maven.apache.org/maven2/com/google/guava/guava-parent/18.0/guava-parent-18.0.pom (7.7 kB at 45 kB/s)
[INFO] Downloading from central-https: https://repo.maven.apache.org/maven2/org/apache/maven/maven-aether-provider/3.3.9/maven-aether-provider-3.3.9.pom
[INFO] Downloaded from central-https: https://repo.maven.apache.org/maven2/org/apache/maven/maven-aether-provider/3.3.9/maven-aether-provider-3.3.9.pom (4.0 kB at 24 kB/s)
[INFO] Downloading from central-https: https://repo.maven.apache.org/maven2/org/eclipse/aether/aether-api/1.0.2.v20150114/aether-api-1.0.2.v20150114.pom
[INFO] Downloaded from central-https: https://repo.maven.apache.org/maven2/org/eclipse/aether/aether-api/1.0.2.v20150114/aether-api-1.0.2.v20150114.pom (1.8 kB at 11 kB/s)
[INFO] Downloading from central-https: https://repo.maven.apache.org/maven2/org/eclipse/aether/aether/1.0.2.v20150114/aether-1.0.2.v20150114.pom
[INFO] Downloaded from central-https: https://repo.maven.apache.org/maven2/org/eclipse/aether/aether/1.0.2.v20150114/aether-1.0.2.v20150114.pom (29 kB at 173 kB/s)
[INFO] Downloading from central-https: https://repo.maven.apache.org/maven2/org/eclipse/aether/aether-spi/1.0.2.v20150114/aether-spi-1.0.2.v20150114.pom
[INFO] Downloaded from central-https: https://repo.maven.apache.org/maven2/org/eclipse/aether/aether-spi/1.0.2.v20150114/aether-spi-1.0.2.v20150114.pom (2.0 kB at 12 kB/s)
[INFO] Downloading from central-https: https://repo.maven.apache.org/maven2/org/eclipse/aether/aether-util/1.0.2.v20150114/aether-util-1.0.2.v20150114.pom
[INFO] Downloaded from central-https: https://repo.maven.apache.org/maven2/org/eclipse/aether/aether-util/1.0.2.v20150114/aether-util-1.0.2.v20150114.pom (2.1 kB at 13 kB/s)
[INFO] Downloading from central-https: https://repo.maven.apache.org/maven2/org/eclipse/aether/aether-impl/1.0.2.v20150114/aether-impl-1.0.2.v20150114.pom
[INFO] Downloaded from central-https: https://repo.maven.apache.org/maven2/org/eclipse/aether/aether-impl/1.0.2.v20150114/aether-impl-1.0.2.v20150114.pom (3.4 kB at 20 kB/s)
[INFO] Downloading from central-https: https://repo.maven.apache.org/maven2/com/google/inject/guice/4.0/guice-4.0.pom
[INFO] Downloaded from central-https: https://repo.maven.apache.org/maven2/com/google/inject/guice/4.0/guice-4.0.pom (11 kB at 63 kB/s)
[INFO] Downloading from central-https: https://repo.maven.apache.org/maven2/com/google/inject/guice-parent/4.0/guice-parent-4.0.pom
[INFO] Downloaded from central-https: https://repo.maven.apache.org/maven2/com/google/inject/guice-parent/4.0/guice-parent-4.0.pom (15 kB at 90 kB/s)
[INFO] Downloading from central-https: https://repo.maven.apache.org/maven2/com/google/google/5/google-5.pom
[INFO] Downloaded from central-https: https://repo.maven.apache.org/maven2/com/google/google/5/google-5.pom (2.5 kB at 15 kB/s)
[INFO] Downloading from central-https: https://repo.maven.apache.org/maven2/aopalliance/aopalliance/1.0/aopalliance-1.0.pom
[INFO] Downloaded from central-https: https://repo.maven.apache.org/maven2/aopalliance/aopalliance/1.0/aopalliance-1.0.pom (363 B at 2.2 kB/s)
[INFO] Downloading from central-https: https://repo.maven.apache.org/maven2/com/google/guava/guava/16.0.1/guava-16.0.1.pom
[INFO] Downloaded from central-https: https://repo.maven.apache.org/maven2/com/google/guava/guava/16.0.1/guava-16.0.1.pom (6.1 kB at 37 kB/s)
[INFO] Downloading from central-https: https://repo.maven.apache.org/maven2/com/google/guava/guava-parent/16.0.1/guava-parent-16.0.1.pom
[INFO] Downloaded from central-https: https://repo.maven.apache.org/maven2/com/google/guava/guava-parent/16.0.1/guava-parent-16.0.1.pom (7.3 kB at 44 kB/s)
[INFO] Downloading from central-https: https://repo.maven.apache.org/maven2/org/apache/maven/shared/maven-common-artifact-filters/3.0.1/maven-common-artifact-filters-3.0.1.pom
[INFO] Downloaded from central-https: https://repo.maven.apache.org/maven2/org/apache/maven/shared/maven-common-artifact-filters/3.0.1/maven-common-artifact-filters-3.0.1.pom (4.8 kB at 28 kB/s)
[INFO] Downloading from central-https: https://repo.maven.apache.org/maven2/org/apache/maven/shared/maven-shared-utils/3.1.0/maven-shared-utils-3.1.0.pom
[INFO] Downloaded from central-https: https://repo.maven.apache.org/maven2/org/apache/maven/shared/maven-shared-utils/3.1.0/maven-shared-utils-3.1.0.pom (5.0 kB at 30 kB/s)
[INFO] Downloading from central-https: https://repo.maven.apache.org/maven2/org/apache/maven/plugins/maven-shade-plugin/3.2.1/maven-shade-plugin-3.2.1.pom
[INFO] Downloaded from central-https: https://repo.maven.apache.org/maven2/org/apache/maven/plugins/maven-shade-plugin/3.2.1/maven-shade-plugin-3.2.1.pom (9.3 kB at 52 kB/s)
[INFO] Downloading from central-https: https://repo.maven.apache.org/maven2/org/apache/maven/shared/maven-artifact-transfer/0.10.0/maven-artifact-transfer-0.10.0.pom
[INFO] Downloaded from central-https: https://repo.maven.apache.org/maven2/org/apache/maven/shared/maven-artifact-transfer/0.10.0/maven-artifact-transfer-0.10.0.pom (12 kB at 67 kB/s)
[INFO] Downloading from central-https: https://repo.maven.apache.org/maven2/org/apache/maven/shared/maven-shared-components/31/maven-shared-components-31.pom
[INFO] Downloaded from central-https: https://repo.maven.apache.org/maven2/org/apache/maven/shared/maven-shared-components/31/maven-shared-components-31.pom (5.1 kB at 30 kB/s)
[INFO] Downloading from central-https: https://repo.maven.apache.org/maven2/org/ow2/asm/asm/7.0/asm-7.0.pom
[INFO] Downloaded from central-https: https://repo.maven.apache.org/maven2/org/ow2/asm/asm/7.0/asm-7.0.pom (2.9 kB at 17 kB/s)
[INFO] Downloading from central-https: https://repo.maven.apache.org/maven2/org/ow2/asm/asm-commons/7.0/asm-commons-7.0.pom
[INFO] Downloaded from central-https: https://repo.maven.apache.org/maven2/org/ow2/asm/asm-commons/7.0/asm-commons-7.0.pom (3.7 kB at 21 kB/s)
[INFO] Downloading from central-https: https://repo.maven.apache.org/maven2/org/ow2/asm/asm-tree/7.0/asm-tree-7.0.pom
[INFO] Downloaded from central-https: https://repo.maven.apache.org/maven2/org/ow2/asm/asm-tree/7.0/asm-tree-7.0.pom (3.1 kB at 19 kB/s)
[INFO] Downloading from central-https: https://repo.maven.apache.org/maven2/org/ow2/asm/asm-analysis/7.0/asm-analysis-7.0.pom
[INFO] Downloaded from central-https: https://repo.maven.apache.org/maven2/org/ow2/asm/asm-analysis/7.0/asm-analysis-7.0.pom (3.2 kB at 19 kB/s)
[INFO] Downloading from central-https: https://repo.maven.apache.org/maven2/org/jdom/jdom2/2.0.6/jdom2-2.0.6.pom
[INFO] Downloaded from central-https: https://repo.maven.apache.org/maven2/org/jdom/jdom2/2.0.6/jdom2-2.0.6.pom (4.6 kB at 24 kB/s)
[INFO] Downloading from central-https: https://repo.maven.apache.org/maven2/org/apache/maven/shared/maven-dependency-tree/3.0.1/maven-dependency-tree-3.0.1.pom
[INFO] Downloaded from central-https: https://repo.maven.apache.org/maven2/org/apache/maven/shared/maven-dependency-tree/3.0.1/maven-dependency-tree-3.0.1.pom (7.5 kB at 45 kB/s)
[INFO] Downloading from central-https: https://repo.maven.apache.org/maven2/org/eclipse/aether/aether-util/0.9.0.M2/aether-util-0.9.0.M2.pom
[INFO] Downloaded from central-https: https://repo.maven.apache.org/maven2/org/eclipse/aether/aether-util/0.9.0.M2/aether-util-0.9.0.M2.pom (2.0 kB at 12 kB/s)
[INFO] Downloading from central-https: https://repo.maven.apache.org/maven2/org/eclipse/aether/aether/0.9.0.M2/aether-0.9.0.M2.pom
[INFO] Downloaded from central-https: https://repo.maven.apache.org/maven2/org/eclipse/aether/aether/0.9.0.M2/aether-0.9.0.M2.pom (28 kB at 164 kB/s)
[INFO] Downloading from central-https: https://repo.maven.apache.org/maven2/org/vafer/jdependency/2.1.1/jdependency-2.1.1.pom
[INFO] Downloaded from central-https: https://repo.maven.apache.org/maven2/org/vafer/jdependency/2.1.1/jdependency-2.1.1.pom (11 kB at 67 kB/s)
[INFO] Downloading from central-https: https://repo.maven.apache.org/maven2/org/ow2/asm/asm/7.0-beta/asm-7.0-beta.pom
[INFO] Downloaded from central-https: https://repo.maven.apache.org/maven2/org/ow2/asm/asm/7.0-beta/asm-7.0-beta.pom (2.9 kB at 17 kB/s)
[INFO] Downloading from central-https: https://repo.maven.apache.org/maven2/org/ow2/asm/asm-analysis/7.0-beta/asm-analysis-7.0-beta.pom
[INFO] Downloaded from central-https: https://repo.maven.apache.org/maven2/org/ow2/asm/asm-analysis/7.0-beta/asm-analysis-7.0-beta.pom (3.2 kB at 19 kB/s)
[INFO] Downloading from central-https: https://repo.maven.apache.org/maven2/org/ow2/asm/asm-tree/7.0-beta/asm-tree-7.0-beta.pom
[INFO] Downloaded from central-https: https://repo.maven.apache.org/maven2/org/ow2/asm/asm-tree/7.0-beta/asm-tree-7.0-beta.pom (3.1 kB at 19 kB/s)
[INFO] Downloading from central-https: https://repo.maven.apache.org/maven2/org/ow2/asm/asm-commons/7.0-beta/asm-commons-7.0-beta.pom
[INFO] Downloaded from central-https: https://repo.maven.apache.org/maven2/org/ow2/asm/asm-commons/7.0-beta/asm-commons-7.0-beta.pom (3.7 kB at 22 kB/s)
[INFO] Downloading from central-https: https://repo.maven.apache.org/maven2/org/ow2/asm/asm-util/7.0-beta/asm-util-7.0-beta.pom
[INFO] Downloaded from central-https: https://repo.maven.apache.org/maven2/org/ow2/asm/asm-util/7.0-beta/asm-util-7.0-beta.pom (3.7 kB at 21 kB/s)
[INFO] Downloading from central-https: https://repo.maven.apache.org/maven2/com/google/guava/guava/19.0/guava-19.0.pom
[INFO] Downloaded from central-https: https://repo.maven.apache.org/maven2/com/google/guava/guava/19.0/guava-19.0.pom (6.8 kB at 40 kB/s)
[INFO] Downloading from central-https: https://repo.maven.apache.org/maven2/com/google/guava/guava-parent/19.0/guava-parent-19.0.pom
[INFO] Downloaded from central-https: https://repo.maven.apache.org/maven2/com/google/guava/guava-parent/19.0/guava-parent-19.0.pom (9.9 kB at 60 kB/s)
[INFO] Downloading from central-https: https://repo.maven.apache.org/maven2/org/springframework/boot/spring-boot-loader-tools/2.1.3.RELEASE/spring-boot-loader-tools-2.1.3.RELEASE.jar
[INFO] Downloaded from central-https: https://repo.maven.apache.org/maven2/org/springframework/boot/spring-boot-loader-tools/2.1.3.RELEASE/spring-boot-loader-tools-2.1.3.RELEASE.jar (149 kB at 565 kB/s)
[INFO] Downloading from central-https: https://repo.maven.apache.org/maven2/org/apache/maven/maven-archiver/3.2.0/maven-archiver-3.2.0.jar
[INFO] Downloading from central-https: https://repo.maven.apache.org/maven2/org/apache/maven/shared/maven-shared-utils/3.2.0/maven-shared-utils-3.2.0.jar
[INFO] Downloading from central-https: https://repo.maven.apache.org/maven2/org/codehaus/plexus/plexus-interpolation/1.22/plexus-interpolation-1.22.jar
[INFO] Downloading from central-https: https://repo.maven.apache.org/maven2/org/apache/maven/maven-artifact/3.3.9/maven-artifact-3.3.9.jar
[INFO] Downloading from central-https: https://repo.maven.apache.org/maven2/org/apache/maven/maven-core/3.3.9/maven-core-3.3.9.jar
[INFO] Downloaded from central-https: https://repo.maven.apache.org/maven2/org/apache/maven/maven-archiver/3.2.0/maven-archiver-3.2.0.jar (24 kB at 130 kB/s)
[INFO] Downloading from central-https: https://repo.maven.apache.org/maven2/org/apache/maven/maven-settings-builder/3.3.9/maven-settings-builder-3.3.9.jar
[INFO] Downloaded from central-https: https://repo.maven.apache.org/maven2/org/apache/maven/maven-artifact/3.3.9/maven-artifact-3.3.9.jar (55 kB at 297 kB/s)
[INFO] Downloading from central-https: https://repo.maven.apache.org/maven2/org/apache/maven/maven-builder-support/3.3.9/maven-builder-support-3.3.9.jar
[INFO] Downloaded from central-https: https://repo.maven.apache.org/maven2/org/codehaus/plexus/plexus-interpolation/1.22/plexus-interpolation-1.22.jar (77 kB at 405 kB/s)
[INFO] Downloading from central-https: https://repo.maven.apache.org/maven2/org/apache/maven/maven-repository-metadata/3.3.9/maven-repository-metadata-3.3.9.jar
[INFO] Downloaded from central-https: https://repo.maven.apache.org/maven2/org/apache/maven/shared/maven-shared-utils/3.2.0/maven-shared-utils-3.2.0.jar (165 kB at 791 kB/s)
[INFO] Downloading from central-https: https://repo.maven.apache.org/maven2/org/apache/maven/maven-model-builder/3.3.9/maven-model-builder-3.3.9.jar
[INFO] Downloaded from central-https: https://repo.maven.apache.org/maven2/org/apache/maven/maven-core/3.3.9/maven-core-3.3.9.jar (638 kB at 2.5 MB/s)
[INFO] Downloading from central-https: https://repo.maven.apache.org/maven2/org/apache/maven/maven-aether-provider/3.3.9/maven-aether-provider-3.3.9.jar
[INFO] Downloaded from central-https: https://repo.maven.apache.org/maven2/org/apache/maven/maven-builder-support/3.3.9/maven-builder-support-3.3.9.jar (15 kB at 41 kB/s)
[INFO] Downloading from central-https: https://repo.maven.apache.org/maven2/org/eclipse/aether/aether-spi/1.0.2.v20150114/aether-spi-1.0.2.v20150114.jar
[INFO] Downloaded from central-https: https://repo.maven.apache.org/maven2/org/apache/maven/maven-repository-metadata/3.3.9/maven-repository-metadata-3.3.9.jar (27 kB at 73 kB/s)
[INFO] Downloading from central-https: https://repo.maven.apache.org/maven2/org/eclipse/aether/aether-impl/1.0.2.v20150114/aether-impl-1.0.2.v20150114.jar
[INFO] Downloaded from central-https: https://repo.maven.apache.org/maven2/org/apache/maven/maven-settings-builder/3.3.9/maven-settings-builder-3.3.9.jar (43 kB at 115 kB/s)
[INFO] Downloading from central-https: https://repo.maven.apache.org/maven2/org/eclipse/aether/aether-api/1.0.2.v20150114/aether-api-1.0.2.v20150114.jar
[INFO] Downloaded from central-https: https://repo.maven.apache.org/maven2/org/apache/maven/maven-aether-provider/3.3.9/maven-aether-provider-3.3.9.jar (67 kB at 158 kB/s)
[INFO] Downloading from central-https: https://repo.maven.apache.org/maven2/org/eclipse/aether/aether-util/1.0.2.v20150114/aether-util-1.0.2.v20150114.jar
[INFO] Downloaded from central-https: https://repo.maven.apache.org/maven2/org/apache/maven/maven-model-builder/3.3.9/maven-model-builder-3.3.9.jar (177 kB at 416 kB/s)
[INFO] Downloading from central-https: https://repo.maven.apache.org/maven2/org/eclipse/sisu/org.eclipse.sisu.plexus/0.3.2/org.eclipse.sisu.plexus-0.3.2.jar
[INFO] Downloaded from central-https: https://repo.maven.apache.org/maven2/org/eclipse/aether/aether-spi/1.0.2.v20150114/aether-spi-1.0.2.v20150114.jar (31 kB at 56 kB/s)
[INFO] Downloading from central-https: https://repo.maven.apache.org/maven2/javax/enterprise/cdi-api/1.0/cdi-api-1.0.jar
[INFO] Downloaded from central-https: https://repo.maven.apache.org/maven2/org/eclipse/aether/aether-api/1.0.2.v20150114/aether-api-1.0.2.v20150114.jar (136 kB at 243 kB/s)
[INFO] Downloading from central-https: https://repo.maven.apache.org/maven2/javax/annotation/jsr250-api/1.0/jsr250-api-1.0.jar
[INFO] Downloaded from central-https: https://repo.maven.apache.org/maven2/org/eclipse/aether/aether-util/1.0.2.v20150114/aether-util-1.0.2.v20150114.jar (147 kB at 243 kB/s)
[INFO] Downloading from central-https: https://repo.maven.apache.org/maven2/org/eclipse/sisu/org.eclipse.sisu.inject/0.3.2/org.eclipse.sisu.inject-0.3.2.jar
[INFO] Downloaded from central-https: https://repo.maven.apache.org/maven2/org/eclipse/sisu/org.eclipse.sisu.plexus/0.3.2/org.eclipse.sisu.plexus-0.3.2.jar (205 kB at 323 kB/s)
[INFO] Downloading from central-https: https://repo.maven.apache.org/maven2/com/google/inject/guice/4.0/guice-4.0-no_aop.jar
[INFO] Downloaded from central-https: https://repo.maven.apache.org/maven2/org/eclipse/aether/aether-impl/1.0.2.v20150114/aether-impl-1.0.2.v20150114.jar (173 kB at 267 kB/s)
[INFO] Downloading from central-https: https://repo.maven.apache.org/maven2/javax/inject/javax.inject/1/javax.inject-1.jar
[INFO] Downloaded from central-https: https://repo.maven.apache.org/maven2/javax/enterprise/cdi-api/1.0/cdi-api-1.0.jar (45 kB at 62 kB/s)
[INFO] Downloading from central-https: https://repo.maven.apache.org/maven2/aopalliance/aopalliance/1.0/aopalliance-1.0.jar
[INFO] Downloaded from central-https: https://repo.maven.apache.org/maven2/javax/annotation/jsr250-api/1.0/jsr250-api-1.0.jar (5.8 kB at 7.8 kB/s)
[INFO] Downloading from central-https: https://repo.maven.apache.org/maven2/org/codehaus/plexus/plexus-classworlds/2.5.2/plexus-classworlds-2.5.2.jar
[INFO] Downloaded from central-https: https://repo.maven.apache.org/maven2/javax/inject/javax.inject/1/javax.inject-1.jar (2.5 kB at 3.1 kB/s)
[INFO] Downloading from central-https: https://repo.maven.apache.org/maven2/org/codehaus/plexus/plexus-component-annotations/1.6/plexus-component-annotations-1.6.jar
[INFO] Downloaded from central-https: https://repo.maven.apache.org/maven2/org/eclipse/sisu/org.eclipse.sisu.inject/0.3.2/org.eclipse.sisu.inject-0.3.2.jar (378 kB at 462 kB/s)
[INFO] Downloading from central-https: https://repo.maven.apache.org/maven2/org/apache/maven/maven-model/3.3.9/maven-model-3.3.9.jar
[INFO] Downloaded from central-https: https://repo.maven.apache.org/maven2/com/google/inject/guice/4.0/guice-4.0-no_aop.jar (424 kB at 480 kB/s)
[INFO] Downloading from central-https: https://repo.maven.apache.org/maven2/org/apache/maven/maven-plugin-api/3.3.9/maven-plugin-api-3.3.9.jar
[INFO] Downloaded from central-https: https://repo.maven.apache.org/maven2/aopalliance/aopalliance/1.0/aopalliance-1.0.jar (4.5 kB at 4.9 kB/s)
[INFO] Downloading from central-https: https://repo.maven.apache.org/maven2/org/apache/maven/maven-settings/3.3.9/maven-settings-3.3.9.jar
[INFO] Downloaded from central-https: https://repo.maven.apache.org/maven2/org/codehaus/plexus/plexus-classworlds/2.5.2/plexus-classworlds-2.5.2.jar (53 kB at 56 kB/s)
[INFO] Downloading from central-https: https://repo.maven.apache.org/maven2/org/apache/maven/shared/maven-common-artifact-filters/3.0.1/maven-common-artifact-filters-3.0.1.jar
[INFO] Downloaded from central-https: https://repo.maven.apache.org/maven2/org/codehaus/plexus/plexus-component-annotations/1.6/plexus-component-annotations-1.6.jar (4.3 kB at 4.4 kB/s)
[INFO] Downloading from central-https: https://repo.maven.apache.org/maven2/org/codehaus/plexus/plexus-archiver/3.6.0/plexus-archiver-3.6.0.jar
[INFO] Downloaded from central-https: https://repo.maven.apache.org/maven2/org/apache/maven/maven-model/3.3.9/maven-model-3.3.9.jar (164 kB at 163 kB/s)
[INFO] Downloading from central-https: https://repo.maven.apache.org/maven2/org/codehaus/plexus/plexus-io/3.0.1/plexus-io-3.0.1.jar
[INFO] Downloaded from central-https: https://repo.maven.apache.org/maven2/org/apache/maven/maven-plugin-api/3.3.9/maven-plugin-api-3.3.9.jar (47 kB at 44 kB/s)
[INFO] Downloading from central-https: https://repo.maven.apache.org/maven2/org/apache/maven/plugins/maven-shade-plugin/3.2.1/maven-shade-plugin-3.2.1.jar
[INFO] Downloaded from central-https: https://repo.maven.apache.org/maven2/org/apache/maven/maven-settings/3.3.9/maven-settings-3.3.9.jar (44 kB at 41 kB/s)
[INFO] Downloading from central-https: https://repo.maven.apache.org/maven2/org/apache/maven/shared/maven-artifact-transfer/0.10.0/maven-artifact-transfer-0.10.0.jar
[INFO] Downloaded from central-https: https://repo.maven.apache.org/maven2/org/apache/maven/shared/maven-common-artifact-filters/3.0.1/maven-common-artifact-filters-3.0.1.jar (61 kB at 55 kB/s)
[INFO] Downloading from central-https: https://repo.maven.apache.org/maven2/org/ow2/asm/asm/7.0/asm-7.0.jar
[INFO] Downloaded from central-https: https://repo.maven.apache.org/maven2/org/codehaus/plexus/plexus-io/3.0.1/plexus-io-3.0.1.jar (74 kB at 63 kB/s)
[INFO] Downloading from central-https: https://repo.maven.apache.org/maven2/org/ow2/asm/asm-commons/7.0/asm-commons-7.0.jar
[INFO] Downloaded from central-https: https://repo.maven.apache.org/maven2/org/codehaus/plexus/plexus-archiver/3.6.0/plexus-archiver-3.6.0.jar (191 kB at 151 kB/s)
[INFO] Downloading from central-https: https://repo.maven.apache.org/maven2/org/ow2/asm/asm-tree/7.0/asm-tree-7.0.jar
[INFO] Downloaded from central-https: https://repo.maven.apache.org/maven2/org/apache/maven/plugins/maven-shade-plugin/3.2.1/maven-shade-plugin-3.2.1.jar (114 kB at 90 kB/s)
[INFO] Downloading from central-https: https://repo.maven.apache.org/maven2/org/ow2/asm/asm-analysis/7.0/asm-analysis-7.0.jar
[INFO] Downloaded from central-https: https://repo.maven.apache.org/maven2/org/apache/maven/shared/maven-artifact-transfer/0.10.0/maven-artifact-transfer-0.10.0.jar (128 kB at 100 kB/s)
[INFO] Downloading from central-https: https://repo.maven.apache.org/maven2/org/jdom/jdom2/2.0.6/jdom2-2.0.6.jar
[INFO] Downloaded from central-https: https://repo.maven.apache.org/maven2/org/ow2/asm/asm/7.0/asm-7.0.jar (114 kB at 87 kB/s)
[INFO] Downloading from central-https: https://repo.maven.apache.org/maven2/org/apache/maven/shared/maven-dependency-tree/3.0.1/maven-dependency-tree-3.0.1.jar
[INFO] Downloaded from central-https: https://repo.maven.apache.org/maven2/org/ow2/asm/asm-commons/7.0/asm-commons-7.0.jar (80 kB at 59 kB/s)
[INFO] Downloading from central-https: https://repo.maven.apache.org/maven2/org/vafer/jdependency/2.1.1/jdependency-2.1.1.jar
[INFO] Downloaded from central-https: https://repo.maven.apache.org/maven2/org/ow2/asm/asm-analysis/7.0/asm-analysis-7.0.jar (33 kB at 23 kB/s)
[INFO] Downloading from central-https: https://repo.maven.apache.org/maven2/org/ow2/asm/asm-util/7.0-beta/asm-util-7.0-beta.jar
[INFO] Downloaded from central-https: https://repo.maven.apache.org/maven2/org/ow2/asm/asm-tree/7.0/asm-tree-7.0.jar (50 kB at 35 kB/s)
[INFO] Downloading from central-https: https://repo.maven.apache.org/maven2/com/google/guava/guava/19.0/guava-19.0.jar
[INFO] Downloaded from central-https: https://repo.maven.apache.org/maven2/org/jdom/jdom2/2.0.6/jdom2-2.0.6.jar (305 kB at 208 kB/s)
[INFO] Downloaded from central-https: https://repo.maven.apache.org/maven2/org/apache/maven/shared/maven-dependency-tree/3.0.1/maven-dependency-tree-3.0.1.jar (37 kB at 24 kB/s)
[INFO] Downloaded from central-https: https://repo.maven.apache.org/maven2/org/vafer/jdependency/2.1.1/jdependency-2.1.1.jar (186 kB at 121 kB/s)
[INFO] Downloaded from central-https: https://repo.maven.apache.org/maven2/org/ow2/asm/asm-util/7.0-beta/asm-util-7.0-beta.jar (81 kB at 48 kB/s)
[INFO] Downloaded from central-https: https://repo.maven.apache.org/maven2/com/google/guava/guava/19.0/guava-19.0.jar (2.3 MB at 1.2 MB/s)
[INFO] Replacing main artifact with repackaged archive
[INFO] ------------------------------------------------------------------------
[INFO] Reactor Summary for jeecg-boot-parent 2.8.0:
[INFO] 
[INFO] jeecg-boot-parent .................................. SUCCESS [  8.501 s]
[INFO] jeecg-boot-base-common ............................. SUCCESS [02:01 min]
[INFO] teaching-open ...................................... SUCCESS [ 21.958 s]
[INFO] ------------------------------------------------------------------------
[INFO] BUILD SUCCESS
[INFO] ------------------------------------------------------------------------
[INFO] Total time:  02:37 min
[INFO] Finished at: 2026-10-05T05:29:02+08:00
[INFO] ------------------------------------------------------------------------
